b1,b2,m,k,n,latency_us,mfu
1,8,1,128,128,18.765,4.5e-05
1,8,2,128,128,19.07,8.8e-05
1,8,4,128,128,18.965,0.000177
1,8,8,128,128,19.451,0.000346
1,8,16,128,128,19.404,0.000693
1,8,32,128,128,18.884,0.001424
1,8,64,128,128,19.123,0.002812
1,8,128,128,128,19.196,0.005603
1,8,256,128,128,15.421,0.013948
1,8,512,128,128,14.893,0.028886
1,8,1024,128,128,14.73,0.058407
1,8,2048,128,128,15.031,0.114479
1,8,4096,128,128,20.909,0.164594
1,8,1,128,256,19.987,8.4e-05
1,8,2,128,256,15.405,0.000218
1,8,4,128,256,15.145,0.000444
1,8,8,128,256,15.478,0.000869
1,8,16,128,256,15.366,0.00175
1,8,32,128,256,15.592,0.003449
1,8,64,128,256,14.969,0.007185
1,8,128,128,256,14.924,0.014413
1,8,256,128,256,14.952,0.028771
1,8,512,128,256,15.421,0.055793
1,8,1024,128,256,15.026,0.114519
1,8,2048,128,256,20.251,0.16994
1,8,4096,128,256,33.365,0.206291
1,8,1,128,512,19.509,0.000172
1,8,2,128,512,14.861,0.000452
1,8,4,128,512,15.143,0.000888
1,8,8,128,512,15.009,0.001791
1,8,16,128,512,14.801,0.003633
1,8,32,128,512,14.901,0.007217
1,8,64,128,512,14.868,0.014466
1,8,128,128,512,15.049,0.028586
1,8,256,128,512,15.437,0.055733
1,8,512,128,512,20.493,0.083966
1,8,1024,128,512,20.04,0.171731
1,8,2048,128,512,32.111,0.21435
1,8,4096,128,512,57.585,0.239053
1,8,1,128,1024,15.504,0.000434
1,8,2,128,1024,15.388,0.000874
1,8,4,128,1024,15.443,0.001741
1,8,8,128,1024,15.453,0.00348
1,8,16,128,1024,15.361,0.007001
1,8,32,128,1024,15.93,0.013502
1,8,64,128,1024,15.683,0.02743
1,8,128,128,1024,15.926,0.054023
1,8,256,128,1024,20.911,0.082287
1,8,512,128,1024,34.258,0.100457
1,8,1024,128,1024,31.451,0.218845
1,8,2048,128,1024,56.368,0.244214
1,8,4096,128,1024,104.134,0.264389
1,8,1,128,2048,15.372,0.000875
1,8,2,128,2048,15.224,0.001766
1,8,4,128,2048,15.159,0.003547
1,8,8,128,2048,15.082,0.007131
1,8,16,128,2048,15.17,0.014179
1,8,32,128,2048,15.108,0.028474
1,8,64,128,2048,15.48,0.055578
1,8,128,128,2048,20.692,0.083159
1,8,256,128,2048,34.201,0.100625
1,8,512,128,2048,64.512,0.106693
1,8,1024,128,2048,56.736,0.242631
1,8,2048,128,2048,104.625,0.263147
1,8,4096,128,2048,203.485,0.270603
1,8,1,128,4096,15.64,0.001719
1,8,2,128,4096,15.395,0.003493
1,8,4,128,4096,15.387,0.006989
1,8,8,128,4096,15.267,0.014089
1,8,16,128,4096,15.23,0.028247
1,8,32,128,4096,15.413,0.055821
1,8,64,128,4096,20.338,0.084608
1,8,128,128,4096,34.474,0.099828
1,8,256,128,4096,67.054,0.102648
1,8,512,128,4096,124.87,0.110242
1,8,1024,128,4096,105.81,0.2602
1,8,2048,128,4096,204.299,0.269525
1,8,4096,128,4096,407.854,0.270017
1,8,1,256,128,14.679,0.000114
1,8,2,256,128,15.76,0.000213
1,8,4,256,128,15.583,0.000431
1,8,8,256,128,15.573,0.000863
1,8,16,256,128,15.543,0.00173
1,8,32,256,128,15.639,0.003438
1,8,64,256,128,15.766,0.006822
1,8,128,256,128,16.111,0.013351
1,8,256,256,128,15.367,0.027993
1,8,512,256,128,15.816,0.0544
1,8,1024,256,128,15.248,0.112851
1,8,2048,256,128,16.945,0.203093
1,8,4096,256,128,28.446,0.241966
1,8,1,256,256,14.51,0.000232
1,8,2,256,256,15.378,0.000437
1,8,4,256,256,15.183,0.000885
1,8,8,256,256,15.085,0.001782
1,8,16,256,256,15.171,0.003545
1,8,32,256,256,15.166,0.007091
1,8,64,256,256,15.395,0.013972
1,8,128,256,256,15.383,0.027964
1,8,256,256,256,15.248,0.056426
1,8,512,256,256,18.048,0.095341
1,8,1024,256,256,17.04,0.201967
1,8,2048,256,256,27.503,0.250264
1,8,4096,256,256,47.728,0.288424
1,8,1,256,512,14.542,0.000462
1,8,2,256,512,15.285,0.000879
1,8,4,256,512,15.296,0.001758
1,8,8,256,512,15.257,0.003525
1,8,16,256,512,15.246,0.007054
1,8,32,256,512,15.331,0.01403
1,8,64,256,512,15.355,0.028016
1,8,128,256,512,15.772,0.05455
1,8,256,256,512,18.152,0.094798
1,8,512,256,512,30.44,0.113056
1,8,1024,256,512,27.236,0.252717
1,8,2048,256,512,45.027,0.305725
1,8,4096,256,512,85.544,0.321845
1,8,1,256,1024,14.694,0.000915
1,8,2,256,1024,15.465,0.001739
1,8,4,256,1024,15.436,0.003484
1,8,8,256,1024,15.309,0.007025
1,8,16,256,1024,15.414,0.013955
1,8,32,256,1024,15.313,0.028094
1,8,64,256,1024,15.829,0.054355
1,8,128,256,1024,20.516,0.083874
1,8,256,256,1024,30.399,0.11321
1,8,512,256,1024,53.95,0.12758
1,8,1024,256,1024,43.155,0.31899
1,8,2048,256,1024,80.717,0.341089
1,8,4096,256,1024,148.444,0.370939
1,8,1,256,2048,15.653,0.001718
1,8,2,256,2048,16.159,0.003328
1,8,4,256,2048,16.38,0.006566
1,8,8,256,2048,16.045,0.013405
1,8,16,256,2048,16.09,0.026737
1,8,32,256,2048,16.131,0.053335
1,8,64,256,2048,20.814,0.082673
1,8,128,256,2048,35.031,0.098241
1,8,256,256,2048,54.287,0.126788
1,8,512,256,2048,100.704,0.136697
1,8,1024,256,2048,70.994,0.387804
1,8,2048,256,2048,135.023,0.407808
1,8,4096,256,2048,251.48,0.437917
1,8,1,256,4096,15.979,0.003365
1,8,2,256,4096,16.997,0.006327
1,8,4,256,4096,17.101,0.012578
1,8,8,256,4096,17.299,0.024868
1,8,16,256,4096,17.787,0.04837
1,8,32,256,4096,18.76,0.091725
1,8,64,256,4096,33.886,0.10156
1,8,128,256,4096,62.254,0.110563
1,8,256,256,4096,95.247,0.144528
1,8,512,256,4096,180.816,0.152264
1,8,1024,256,4096,139.621,0.394379
1,8,2048,256,4096,263.98,0.417181
1,8,4096,256,4096,501.377,0.4393
1,8,1,512,128,14.475,0.000232
1,8,2,512,128,14.503,0.000463
1,8,4,512,128,14.38,0.000935
1,8,8,512,128,14.521,0.001852
1,8,16,512,128,14.488,0.003712
1,8,32,512,128,14.498,0.007418
1,8,64,512,128,14.814,0.014519
1,8,128,512,128,14.595,0.029474
1,8,256,512,128,15.271,0.056339
1,8,512,512,128,15.234,0.112954
1,8,1024,512,128,16.376,0.210156
1,8,2048,512,128,22.013,0.312681
1,8,4096,512,128,43.67,0.315227
1,8,1,512,256,14.43,0.000466
1,8,2,512,256,14.995,0.000897
1,8,4,512,256,14.96,0.001797
1,8,8,512,256,15.017,0.003581
1,8,16,512,256,14.861,0.007237
1,8,32,512,256,14.948,0.01439
1,8,64,512,256,14.879,0.028913
1,8,128,512,256,14.577,0.059021
1,8,256,512,256,14.863,0.115775
1,8,512,512,256,15.79,0.21795
1,8,1024,512,256,20.85,0.330119
1,8,2048,512,256,30.547,0.450653
1,8,4096,512,256,54.574,0.504483
1,8,1,512,512,14.495,0.000927
1,8,2,512,512,14.356,0.001873
1,8,4,512,512,14.445,0.003722
1,8,8,512,512,14.419,0.007459
1,8,16,512,512,14.488,0.014846
1,8,32,512,512,14.414,0.029845
1,8,64,512,512,14.656,0.058703
1,8,128,512,512,14.522,0.118489
1,8,256,512,512,15.628,0.220207
1,8,512,512,512,21.724,0.316833
1,8,1024,512,512,34.596,0.397902
1,8,2048,512,512,48.33,0.569659
1,8,4096,512,512,86.977,0.63308
1,8,1,512,1024,14.746,0.001823
1,8,2,512,1024,14.776,0.003639
1,8,4,512,1024,14.737,0.007298
1,8,8,512,1024,14.635,0.014697
1,8,16,512,1024,14.596,0.029473
1,8,32,512,1024,14.703,0.058518
1,8,64,512,1024,14.738,0.116758
1,8,128,512,1024,18.759,0.183454
1,8,256,512,1024,22.192,0.310157
1,8,512,512,1024,33.298,0.413421
1,8,1024,512,1024,55.33,0.497589
1,8,2048,512,1024,85.522,0.643856
1,8,4096,512,1024,156.391,0.704182
1,8,1,512,2048,15.851,0.003392
1,8,2,512,2048,14.767,0.007283
1,8,4,512,2048,14.88,0.014455
1,8,8,512,2048,15.244,0.028221
1,8,16,512,2048,15.352,0.056043
1,8,32,512,2048,17.222,0.099914
1,8,64,512,2048,19.124,0.179953
1,8,128,512,2048,28.315,0.243084
1,8,256,512,2048,32.828,0.419335
1,8,512,512,2048,56.702,0.485553
1,8,1024,512,2048,98.334,0.559966
1,8,2048,512,2048,154.023,0.715004
1,8,4096,512,2048,293.928,0.74935
1,8,1,512,4096,27.603,0.003896
1,8,2,512,4096,30.731,0.006999
1,8,4,512,4096,31.198,0.013789
1,8,8,512,4096,31.881,0.026987
1,8,16,512,4096,33.375,0.051557
1,8,32,512,4096,35.166,0.097865
1,8,64,512,4096,39.431,0.174558
1,8,128,512,4096,52.033,0.264562
1,8,256,512,4096,59.016,0.466514
1,8,512,512,4096,99.893,0.551226
1,8,1024,512,4096,182.377,0.603845
1,8,2048,512,4096,296.016,0.744065
1,8,4096,512,4096,574.146,0.767243
1,8,1,1024,128,15.035,0.000447
1,8,2,1024,128,15.018,0.000895
1,8,4,1024,128,14.962,0.001797
1,8,8,1024,128,15.028,0.003578
1,8,16,1024,128,15.023,0.007159
1,8,32,1024,128,14.89,0.014446
1,8,64,1024,128,14.56,0.029545
1,8,128,1024,128,14.592,0.058961
1,8,256,1024,128,15.291,0.11253
1,8,512,1024,128,15.114,0.227706
1,8,1024,1024,128,25.177,0.273379
1,8,2048,1024,128,47.216,0.291554
1,8,4096,1024,128,72.28,0.380907
1,8,1,1024,256,15.101,0.00089
1,8,2,1024,256,15.105,0.00178
1,8,4,1024,256,15.037,0.003576
1,8,8,1024,256,14.909,0.007213
1,8,16,1024,256,14.586,0.014747
1,8,32,1024,256,14.724,0.029217
1,8,64,1024,256,14.543,0.059162
1,8,128,1024,256,14.6,0.117861
1,8,256,1024,256,15.401,0.223452
1,8,512,1024,256,24.602,0.279778
1,8,1024,1024,256,37.743,0.36473
1,8,2048,1024,256,55.832,0.493118
1,8,4096,1024,256,91.718,0.600356
1,8,1,1024,512,14.636,0.001837
1,8,2,1024,512,14.533,0.0037
1,8,4,1024,512,14.657,0.007337
1,8,8,1024,512,14.726,0.014606
1,8,16,1024,512,14.514,0.029638
1,8,32,1024,512,14.607,0.058901
1,8,64,1024,512,14.837,0.115974
1,8,128,1024,512,15.436,0.222958
1,8,256,1024,512,24.143,0.285091
1,8,512,1024,512,36.595,0.376166
1,8,1024,1024,512,60.09,0.458176
1,8,2048,1024,512,83.903,0.656279
1,8,4096,1024,512,151.009,0.729277
1,8,1,1024,1024,14.874,0.003615
1,8,2,1024,1024,14.501,0.007416
1,8,4,1024,1024,14.464,0.014871
1,8,8,1024,1024,14.415,0.029843
1,8,16,1024,1024,14.395,0.059769
1,8,32,1024,1024,14.714,0.116946
1,8,64,1024,1024,15.618,0.220357
1,8,128,1024,1024,28.204,0.244045
1,8,256,1024,1024,36.859,0.373471
1,8,512,1024,1024,60.528,0.454864
1,8,1024,1024,1024,113.227,0.486313
1,8,2048,1024,1024,146.846,0.749951
1,8,4096,1024,1024,274.994,0.800945
1,8,1,1024,2048,26.462,0.004064
1,8,2,1024,2048,29.361,0.007326
1,8,4,1024,2048,29.662,0.014503
1,8,8,1024,2048,30.761,0.027969
1,8,16,1024,2048,31.559,0.054525
1,8,32,1024,2048,33.353,0.103183
1,8,64,1024,2048,38.32,0.179618
1,8,128,1024,2048,47.076,0.292417
1,8,256,1024,2048,60.731,0.453344
1,8,512,1024,2048,114.05,0.482805
1,8,1024,1024,2048,213.513,0.515788
1,8,2048,1024,2048,272.601,0.807974
1,8,4096,1024,2048,535.911,0.821982
1,8,1,1024,4096,62.129,0.003462
1,8,2,1024,4096,60.045,0.007164
1,8,4,1024,4096,60.541,0.014211
1,8,8,1024,4096,61.206,0.028114
1,8,16,1024,4096,62.152,0.055372
1,8,32,1024,4096,63.817,0.107855
1,8,64,1024,4096,67.869,0.202829
1,8,128,1024,4096,82.838,0.332359
1,8,256,1024,4096,122.415,0.449811
1,8,512,1024,4096,227.505,0.484066
1,8,1024,1024,4096,430.684,0.511407
1,8,2048,1024,4096,556.293,0.791866
1,8,4096,1024,4096,1092.854,0.806164
1,8,1,2048,128,14.796,0.000909
1,8,2,2048,128,15.252,0.001763
1,8,4,2048,128,15.195,0.003539
1,8,8,2048,128,15.27,0.007043
1,8,16,2048,128,15.21,0.014141
1,8,32,2048,128,15.137,0.028419
1,8,64,2048,128,15.311,0.056192
1,8,128,2048,128,15.284,0.112587
1,8,256,2048,128,21.696,0.158623
1,8,512,2048,128,22.145,0.310816
1,8,1024,2048,128,50.326,0.273534
1,8,2048,2048,128,83.765,0.328678
1,8,4096,2048,128,131.463,0.418852
1,8,1,2048,256,14.683,0.001831
1,8,2,2048,256,14.77,0.003641
1,8,4,2048,256,14.911,0.007213
1,8,8,2048,256,15.182,0.014168
1,8,16,2048,256,14.788,0.029091
1,8,32,2048,256,14.834,0.057998
1,8,64,2048,256,14.741,0.116735
1,8,128,2048,256,15.254,0.225611
1,8,256,2048,256,20.719,0.3322
1,8,512,2048,256,42.531,0.323667
1,8,1024,2048,256,68.63,0.401162
1,8,2048,2048,256,98.704,0.557868
1,8,4096,2048,256,180.286,0.610849
1,8,1,2048,512,14.743,0.003647
1,8,2,2048,512,15.075,0.007134
1,8,4,2048,512,15.256,0.014099
1,8,8,2048,512,14.752,0.029162
1,8,16,2048,512,14.989,0.057398
1,8,32,2048,512,14.792,0.116329
1,8,64,2048,512,14.853,0.231707
1,8,128,2048,512,24.174,0.28472
1,8,256,2048,512,41.222,0.333942
1,8,512,2048,512,62.777,0.438563
1,8,1024,2048,512,101.236,0.543915
1,8,2048,2048,512,145.217,0.758362
1,8,4096,2048,512,275.424,0.799694
1,8,1,2048,1024,24.035,0.004474
1,8,2,2048,1024,26.55,0.008101
1,8,4,2048,1024,27.026,0.015918
1,8,8,2048,1024,27.451,0.031342
1,8,16,2048,1024,28.529,0.060316
1,8,32,2048,1024,31.094,0.110678
1,8,64,2048,1024,34.376,0.200224
1,8,128,2048,1024,48.37,0.284599
1,8,256,2048,1024,64.234,0.428616
1,8,512,2048,1024,102.858,0.53534
1,8,1024,2048,1024,193.717,0.568497
1,8,2048,2048,1024,272.851,0.807233
1,8,4096,2048,1024,534.818,0.823662
1,8,1,2048,2048,57.471,0.003743
1,8,2,2048,2048,62.753,0.006855
1,8,4,2048,2048,62.725,0.013716
1,8,8,2048,2048,63.235,0.027212
1,8,16,2048,2048,64.077,0.053709
1,8,32,2048,2048,65.805,0.104596
1,8,64,2048,2048,71.028,0.193809
1,8,128,2048,2048,81.395,0.338252
1,8,256,2048,2048,107.907,0.510287
1,8,512,2048,2048,203.019,0.542449
1,8,1024,2048,2048,384.55,0.57276
1,8,2048,2048,2048,535.447,0.822695
1,8,4096,2048,2048,1101.221,0.800038
1,8,1,2048,4096,115.871,0.003713
1,8,2,2048,4096,106.75,0.00806
1,8,4,2048,4096,106.567,0.016147
1,8,8,2048,4096,107.104,0.032132
1,8,16,2048,4096,108.04,0.063707
1,8,32,2048,4096,110.144,0.124981
1,8,64,2048,4096,115.498,0.238375
1,8,128,2048,4096,136.55,0.403249
1,8,256,2048,4096,201.422,0.546748
1,8,512,2048,4096,376.358,0.585226
1,8,1024,2048,4096,729.417,0.60392
1,8,2048,2048,4096,1097.53,0.802729
1,8,4096,2048,4096,2159.316,0.816017
1,8,1,4096,128,20.146,0.001335
1,8,2,4096,128,23.575,0.002281
1,8,4,4096,128,23.566,0.004564
1,8,8,4096,128,23.839,0.009023
1,8,16,4096,128,23.56,0.01826
1,8,32,4096,128,23.63,0.03641
1,8,64,4096,128,23.734,0.072501
1,8,128,4096,128,23.916,0.143896
1,8,256,4096,128,37.464,0.183721
1,8,512,4096,128,44.716,0.30785
1,8,1024,4096,128,89.612,0.307235
1,8,2048,4096,128,153.564,0.358572
1,8,4096,4096,128,245.861,0.447926
1,8,1,4096,256,23.647,0.002274
1,8,2,4096,256,23.578,0.004561
1,8,4,4096,256,23.578,0.009123
1,8,8,4096,256,23.617,0.018215
1,8,16,4096,256,24.888,0.03457
1,8,32,4096,256,23.707,0.072583
1,8,64,4096,256,23.804,0.144574
1,8,128,4096,256,26.678,0.257997
1,8,256,4096,256,40.738,0.337913
1,8,512,4096,256,84.078,0.327455
1,8,1024,4096,256,258.072,0.213365
1,8,2048,4096,256,190.761,0.577304
1,8,4096,4096,256,360.18,0.611513
1,8,1,4096,512,26.92,0.003995
1,8,2,4096,512,27.804,0.007736
1,8,4,4096,512,27.901,0.015418
1,8,8,4096,512,28.287,0.030416
1,8,16,4096,512,31.061,0.055399
1,8,32,4096,512,32.628,0.105477
1,8,64,4096,512,34.318,0.200562
1,8,128,4096,512,42.064,0.327261
1,8,256,4096,512,74.546,0.369329
1,8,512,4096,512,110.916,0.496447
1,8,1024,4096,512,183.716,0.599442
1,8,2048,4096,512,274.866,0.801317
1,8,4096,4096,512,556.225,0.791963
1,8,1,4096,1024,53.774,0.004
1,8,2,4096,1024,57.468,0.007486
1,8,4,4096,1024,57.754,0.014897
1,8,8,4096,1024,58.149,0.029592
1,8,16,4096,1024,58.843,0.058486
1,8,32,4096,1024,60.742,0.113314
1,8,64,4096,1024,62.771,0.219302
1,8,128,4096,1024,87.616,0.314235
1,8,256,4096,1024,116.194,0.473894
1,8,512,4096,1024,186.589,0.590213
1,8,1024,4096,1024,357.15,0.616701
1,8,2048,4096,1024,532.229,0.82767
1,8,4096,4096,1024,1101.292,0.799987
1,8,1,4096,2048,107.884,0.003987
1,8,2,4096,2048,117.31,0.007334
1,8,4,4096,2048,117.088,0.014696
1,8,8,4096,2048,114.928,0.029945
1,8,16,4096,2048,116.08,0.059295
1,8,32,4096,2048,118.012,0.116649
1,8,64,4096,2048,126.332,0.217932
1,8,128,4096,2048,145.19,0.379253
1,8,256,4096,2048,191.447,0.575235
1,8,512,4096,2048,362.037,0.608377
1,8,1024,4096,2048,699.778,0.629498
1,8,2048,4096,2048,1085.695,0.81148
1,8,4096,4096,2048,2273.806,0.774929
1,8,1,4096,4096,217.889,0.003949
1,8,2,4096,4096,199.341,0.008632
1,8,4,4096,4096,200.333,0.017179
1,8,8,4096,4096,198.917,0.034602
1,8,16,4096,4096,200.817,0.068549
1,8,32,4096,4096,202.779,0.135772
1,8,64,4096,4096,210.395,0.261716
1,8,128,4096,4096,255.051,0.431786
1,8,256,4096,4096,355.032,0.620379
1,8,512,4096,4096,700.969,0.62843
1,8,1024,4096,4096,1421.366,0.61984
1,8,2048,4096,4096,2228.301,0.790754
1,8,4096,4096,4096,4504.534,0.78234
1,16,1,128,128,14.665,0.000115
1,16,2,128,128,14.473,0.000232
1,16,4,128,128,14.651,0.000459
1,16,8,128,128,14.562,0.000923
1,16,16,128,128,14.531,0.00185
1,16,32,128,128,15.452,0.00348
1,16,64,128,128,14.636,0.007348
1,16,128,128,128,15.444,0.013927
1,16,256,128,128,14.185,0.030328
1,16,512,128,128,14.874,0.057845
1,16,1024,128,128,15.675,0.109777
1,16,2048,128,128,24.691,0.139383
1,16,4096,128,128,38.711,0.177804
1,16,1,128,256,14.499,0.000232
1,16,2,128,256,15.403,0.000436
1,16,4,128,256,14.365,0.000936
1,16,8,128,256,14.368,0.001871
1,16,16,128,256,14.408,0.003732
1,16,32,128,256,14.295,0.007524
1,16,64,128,256,14.442,0.014893
1,16,128,128,256,14.5,0.029668
1,16,256,128,256,14.496,0.059354
1,16,512,128,256,15.331,0.112241
1,16,1024,128,256,17.858,0.192712
1,16,2048,128,256,26.327,0.26144
1,16,4096,128,256,52.207,0.263679
1,16,1,128,512,14.924,0.00045
1,16,2,128,512,14.853,0.000905
1,16,4,128,512,14.492,0.001855
1,16,8,128,512,14.394,0.003736
1,16,16,128,512,14.476,0.007429
1,16,32,128,512,14.358,0.014981
1,16,64,128,512,14.565,0.029536
1,16,128,128,512,15.71,0.054765
1,16,256,128,512,15.901,0.108219
1,16,512,128,512,17.801,0.193327
1,16,1024,128,512,26.07,0.264023
1,16,2048,128,512,44.827,0.307092
1,16,4096,128,512,86.907,0.316798
1,16,1,128,1024,14.606,0.00092
1,16,2,128,1024,14.496,0.001855
1,16,4,128,1024,14.429,0.003727
1,16,8,128,1024,14.624,0.007354
1,16,16,128,1024,14.5,0.014834
1,16,32,128,1024,14.534,0.029599
1,16,64,128,1024,29.643,0.029024
1,16,128,128,1024,20.649,0.083332
1,16,256,128,1024,22.307,0.154281
1,16,512,128,1024,31.867,0.215989
1,16,1024,128,1024,52.674,0.261344
1,16,2048,128,1024,107.118,0.257023
1,16,4096,128,1024,199.778,0.275625
1,16,1,128,2048,15.541,0.00173
1,16,2,128,2048,15.371,0.003498
1,16,4,128,2048,15.574,0.006905
1,16,8,128,2048,15.41,0.013958
1,16,16,128,2048,15.215,0.028273
1,16,32,128,2048,15.43,0.055759
1,16,64,128,2048,20.445,0.084163
1,16,128,128,2048,34.172,0.100711
1,16,256,128,2048,32.216,0.213654
1,16,512,128,2048,54.269,0.253659
1,16,1024,128,2048,107.138,0.256974
1,16,2048,128,2048,186.37,0.295453
1,16,4096,128,2048,357.881,0.307721
1,16,1,128,4096,17.579,0.003059
1,16,2,128,4096,17.425,0.006172
1,16,4,128,4096,17.253,0.012467
1,16,8,128,4096,17.435,0.024674
1,16,16,128,4096,18.055,0.047652
1,16,32,128,4096,19.291,0.089199
1,16,64,128,4096,34.762,0.099002
1,16,128,128,4096,64.731,0.106331
1,16,256,128,4096,57.988,0.237391
1,16,512,128,4096,105.336,0.261372
1,16,1024,128,4096,192.665,0.2858
1,16,2048,128,4096,374.949,0.293713
1,16,4096,128,4096,691.776,0.31839
1,16,1,256,128,19.558,0.000172
1,16,2,256,128,17.52,0.000384
1,16,4,256,128,18.04,0.000745
1,16,8,256,128,17.264,0.001557
1,16,16,256,128,16.893,0.003183
1,16,32,256,128,17.18,0.00626
1,16,64,256,128,17.062,0.012606
1,16,128,256,128,16.402,0.026228
1,16,256,256,128,15.271,0.056339
1,16,512,256,128,16.529,0.104106
1,16,1024,256,128,16.431,0.209449
1,16,2048,256,128,29.492,0.233384
1,16,4096,256,128,60.263,0.22843
1,16,1,256,256,15.266,0.00044
1,16,2,256,256,15.942,0.000843
1,16,4,256,256,15.836,0.001698
1,16,8,256,256,16.001,0.003361
1,16,16,256,256,15.356,0.007003
1,16,32,256,256,15.073,0.01427
1,16,64,256,256,15.171,0.028355
1,16,128,256,256,15.313,0.056185
1,16,256,256,256,14.572,0.118088
1,16,512,256,256,15.857,0.21703
1,16,1024,256,256,20.495,0.335834
1,16,2048,256,256,34.495,0.399074
1,16,4096,256,256,67.783,0.406174
1,16,1,256,512,14.772,0.00091
1,16,2,256,512,15.173,0.001772
1,16,4,256,512,15.41,0.003489
1,16,8,256,512,15.3,0.007029
1,16,16,256,512,15.247,0.014107
1,16,32,256,512,15.252,0.028205
1,16,64,256,512,15.685,0.054852
1,16,128,256,512,18.392,0.09356
1,16,256,256,512,15.993,0.215182
1,16,512,256,512,20.25,0.339904
1,16,1024,256,512,30.384,0.453061
1,16,2048,256,512,57.709,0.477082
1,16,4096,256,512,100.697,0.546824
1,16,1,256,1024,14.631,0.001838
1,16,2,256,1024,14.711,0.003655
1,16,4,256,1024,14.7,0.007316
1,16,8,256,1024,14.719,0.014614
1,16,16,256,1024,14.798,0.02907
1,16,32,256,1024,14.615,0.05887
1,16,64,256,1024,15.007,0.114661
1,16,128,256,1024,15.288,0.225111
1,16,256,256,1024,27.872,0.246945
1,16,512,256,1024,42.651,0.322759
1,16,1024,256,1024,74.146,0.371321
1,16,2048,256,1024,140.596,0.391644
1,16,4096,256,1024,261.166,0.421676
1,16,1,256,2048,15.342,0.003505
1,16,2,256,2048,15.0,0.00717
1,16,4,256,2048,14.967,0.014371
1,16,8,256,2048,15.142,0.028411
1,16,16,256,2048,14.936,0.057602
1,16,32,256,2048,15.102,0.113938
1,16,64,256,2048,14.888,0.231162
1,16,128,256,2048,24.332,0.282875
1,16,256,256,2048,46.392,0.296731
1,16,512,256,2048,74.373,0.370186
1,16,1024,256,2048,143.83,0.382838
1,16,2048,256,2048,257.693,0.427358
1,16,4096,256,2048,501.126,0.439519
1,16,1,256,4096,29.409,0.003657
1,16,2,256,4096,29.294,0.007343
1,16,4,256,4096,29.715,0.014477
1,16,8,256,4096,31.368,0.027428
1,16,16,256,4096,34.351,0.050092
1,16,32,256,4096,38.101,0.090325
1,16,64,256,4096,42.511,0.161909
1,16,128,256,4096,53.111,0.259193
1,16,256,256,4096,78.125,0.352408
1,16,512,256,4096,144.255,0.38171
1,16,1024,256,4096,270.902,0.406521
1,16,2048,256,4096,525.861,0.418846
1,16,4096,256,4096,1004.569,0.438506
1,16,1,512,128,14.077,0.000477
1,16,2,512,128,13.964,0.000963
1,16,4,512,128,14.005,0.00192
1,16,8,512,128,13.983,0.003846
1,16,16,512,128,13.99,0.007687
1,16,32,512,128,13.913,0.01546
1,16,64,512,128,14.007,0.030712
1,16,128,512,128,14.367,0.059886
1,16,256,512,128,14.845,0.115911
1,16,512,512,128,15.714,0.219012
1,16,1024,512,128,22.688,0.303377
1,16,2048,512,128,45.279,0.304023
1,16,4096,512,128,73.945,0.372327
1,16,1,512,256,14.492,0.000928
1,16,2,512,256,13.977,0.001924
1,16,4,512,256,13.927,0.003861
1,16,8,512,256,14.189,0.007579
1,16,16,512,256,14.025,0.015336
1,16,32,512,256,14.694,0.029276
1,16,64,512,256,14.407,0.059721
1,16,128,512,256,14.661,0.117372
1,16,256,512,256,15.696,0.21926
1,16,512,512,256,22.896,0.30062
1,16,1024,512,256,35.51,0.38766
1,16,2048,512,256,56.779,0.484896
1,16,4096,512,256,95.687,0.575456
1,16,1,512,512,14.661,0.001834
1,16,2,512,512,14.245,0.003775
1,16,4,512,512,14.111,0.007622
1,16,8,512,512,14.074,0.015282
1,16,16,512,512,14.234,0.030223
1,16,32,512,512,14.152,0.060796
1,16,64,512,512,14.012,0.122807
1,16,128,512,512,18.809,0.182969
1,16,256,512,512,22.801,0.301872
1,16,512,512,512,35.436,0.388478
1,16,1024,512,512,59.297,0.464307
1,16,2048,512,512,89.115,0.617896
1,16,4096,512,512,161.457,0.682084
1,16,1,512,1024,15.291,0.003517
1,16,2,512,1024,14.687,0.007323
1,16,4,512,1024,14.656,0.014676
1,16,8,512,1024,14.672,0.02932
1,16,16,512,1024,15.548,0.055337
1,16,32,512,1024,16.536,0.104061
1,16,64,512,1024,18.846,0.182611
1,16,128,512,1024,28.118,0.24479
1,16,256,512,1024,34.256,0.401853
1,16,512,512,1024,57.45,0.47923
1,16,1024,512,1024,98.253,0.560429
1,16,2048,512,1024,157.694,0.698361
1,16,4096,512,1024,303.529,0.725646
1,16,1,512,2048,28.193,0.003815
1,16,2,512,2048,30.716,0.007003
1,16,4,512,2048,30.663,0.01403
1,16,8,512,2048,31.657,0.027178
1,16,16,512,2048,33.408,0.051507
1,16,32,512,2048,35.354,0.097343
1,16,64,512,2048,40.842,0.168528
1,16,128,512,2048,51.203,0.268852
1,16,256,512,2048,59.687,0.461271
1,16,512,512,2048,99.888,0.551257
1,16,1024,512,2048,181.01,0.608405
1,16,2048,512,2048,299.327,0.735832
1,16,4096,512,2048,579.027,0.760775
1,16,1,512,4096,58.367,0.003685
1,16,2,512,4096,60.714,0.007085
1,16,4,512,4096,61.12,0.014077
1,16,8,512,4096,61.857,0.027818
1,16,16,512,4096,63.242,0.054417
1,16,32,512,4096,65.335,0.105348
1,16,64,512,4096,69.201,0.198926
1,16,128,512,4096,96.844,0.284291
1,16,256,512,4096,107.86,0.51051
1,16,512,512,4096,186.69,0.589893
1,16,1024,512,4096,360.042,0.611748
1,16,2048,512,4096,625.641,0.704093
1,16,4096,512,4096,1301.946,0.676694
1,16,1,1024,128,14.153,0.00095
1,16,2,1024,128,14.151,0.0019
1,16,4,1024,128,14.311,0.003757
1,16,8,1024,128,14.251,0.007547
1,16,16,1024,128,14.127,0.015226
1,16,32,1024,128,14.239,0.030211
1,16,64,1024,128,14.207,0.060558
1,16,128,1024,128,14.246,0.120785
1,16,256,1024,128,15.13,0.227465
1,16,512,1024,128,28.001,0.245812
1,16,1024,1024,128,51.067,0.269567
1,16,2048,1024,128,75.942,0.362538
1,16,4096,1024,128,130.731,0.421197
1,16,1,1024,256,14.559,0.001847
1,16,2,1024,256,14.622,0.003678
1,16,4,1024,256,14.098,0.007629
1,16,8,1024,256,14.171,0.015178
1,16,16,1024,256,14.111,0.030485
1,16,32,1024,256,14.231,0.060457
1,16,64,1024,256,14.231,0.120913
1,16,128,1024,256,17.19,0.2002
1,16,256,1024,256,27.132,0.25368
1,16,512,1024,256,42.203,0.326183
1,16,1024,1024,256,59.02,0.466483
1,16,2048,1024,256,95.842,0.574525
1,16,4096,1024,256,173.166,0.635964
1,16,1,1024,512,16.841,0.003193
1,16,2,1024,512,14.784,0.007274
1,16,4,1024,512,14.725,0.014608
1,16,8,1024,512,14.777,0.029112
1,16,16,1024,512,14.826,0.05803
1,16,32,1024,512,15.181,0.113345
1,16,64,1024,512,16.122,0.213462
1,16,128,1024,512,28.903,0.238144
1,16,256,1024,512,38.966,0.353278
1,16,512,1024,512,62.702,0.439092
1,16,1024,1024,512,83.572,0.658874
1,16,2048,1024,512,151.47,0.727057
1,16,4096,1024,512,282.125,0.780699
1,16,1,1024,1024,26.314,0.004087
1,16,2,1024,1024,29.886,0.007197
1,16,4,1024,1024,30.133,0.014276
1,16,8,1024,1024,30.964,0.027787
1,16,16,1024,1024,32.457,0.053015
1,16,32,1024,1024,35.975,0.095662
1,16,64,1024,1024,40.483,0.17002
1,16,128,1024,1024,48.313,0.28493
1,16,256,1024,1024,57.178,0.481508
1,16,512,1024,1024,80.182,0.686733
1,16,1024,1024,1024,147.639,0.745921
1,16,2048,1024,1024,276.891,0.795456
1,16,4096,1024,1024,567.405,0.776358
1,16,1,1024,2048,61.667,0.003488
1,16,2,1024,2048,59.822,0.007191
1,16,4,1024,2048,61.894,0.013901
1,16,8,1024,2048,62.315,0.027614
1,16,16,1024,2048,62.968,0.054654
1,16,32,1024,2048,64.993,0.105903
1,16,64,1024,2048,68.743,0.200252
1,16,128,1024,2048,87.726,0.313839
1,16,256,1024,2048,94.337,0.583693
1,16,512,1024,2048,155.559,0.707946
1,16,1024,1024,2048,290.521,0.758138
1,16,2048,1024,2048,575.44,0.765518
1,16,4096,1024,2048,1178.46,0.747602
1,16,1,1024,4096,105.564,0.004075
1,16,2,1024,4096,110.251,0.007804
1,16,4,1024,4096,110.093,0.01563
1,16,8,1024,4096,111.566,0.030847
1,16,16,1024,4096,112.904,0.060963
1,16,32,1024,4096,116.477,0.118186
1,16,64,1024,4096,118.623,0.232096
1,16,128,1024,4096,161.451,0.341055
1,16,256,1024,4096,170.744,0.644984
1,16,512,1024,4096,285.019,0.772772
1,16,1024,1024,4096,573.208,0.768499
1,16,2048,1024,4096,1208.978,0.72873
1,16,4096,1024,4096,2407.143,0.732004
1,16,1,2048,128,14.905,0.001804
1,16,2,2048,128,15.392,0.003494
1,16,4,2048,128,15.38,0.006993
1,16,8,2048,128,15.393,0.013974
1,16,16,2048,128,15.389,0.027954
1,16,32,2048,128,15.478,0.055586
1,16,64,2048,128,15.558,0.110602
1,16,128,2048,128,16.531,0.208178
1,16,256,2048,128,23.087,0.298128
1,16,512,2048,128,52.773,0.260854
1,16,1024,2048,128,87.189,0.315774
1,16,2048,2048,128,137.221,0.401276
1,16,4096,2048,128,238.502,0.461747
1,16,1,2048,256,14.342,0.003749
1,16,2,2048,256,14.389,0.007474
1,16,4,2048,256,14.369,0.014969
1,16,8,2048,256,14.462,0.029745
1,16,16,2048,256,14.731,0.058404
1,16,32,2048,256,14.902,0.115469
1,16,64,2048,256,15.369,0.223918
1,16,128,2048,256,31.703,0.217109
1,16,256,2048,256,45.405,0.303183
1,16,512,2048,256,64.608,0.426133
1,16,1024,2048,256,102.472,0.537354
1,16,2048,2048,256,186.579,0.590245
1,16,4096,2048,256,315.25,0.698668
1,16,1,2048,512,31.809,0.003381
1,16,2,2048,512,32.05,0.006711
1,16,4,2048,512,32.418,0.01327
1,16,8,2048,512,33.289,0.025846
1,16,16,2048,512,36.207,0.047525
1,16,32,2048,512,37.845,0.090935
1,16,64,2048,512,40.866,0.168426
1,16,128,2048,512,48.58,0.283364
1,16,256,2048,512,63.545,0.433267
1,16,512,2048,512,102.383,0.53782
1,16,1024,2048,512,152.19,0.723618
1,16,2048,2048,512,279.223,0.788814
1,16,4096,2048,512,527.956,0.834368
1,16,1,2048,1024,57.3,0.003754
1,16,2,2048,1024,62.212,0.006915
1,16,4,2048,1024,62.523,0.013761
1,16,8,2048,1024,63.079,0.027279
1,16,16,2048,1024,63.627,0.054088
1,16,32,2048,1024,65.527,0.10504
1,16,64,2048,1024,70.247,0.195965
1,16,128,2048,1024,88.636,0.310615
1,16,256,2048,1024,99.257,0.55476
1,16,512,2048,1024,148.896,0.739626
1,16,1024,2048,1024,285.289,0.77204
1,16,2048,2048,1024,542.575,0.811887
1,16,4096,2048,1024,1144.646,0.769687
1,16,1,2048,2048,114.136,0.003769
1,16,2,2048,2048,114.017,0.007546
1,16,4,2048,2048,114.047,0.015088
1,16,8,2048,2048,114.157,0.030147
1,16,16,2048,2048,115.728,0.059476
1,16,32,2048,2048,118.074,0.116587
1,16,64,2048,2048,120.157,0.229133
1,16,128,2048,2048,157.067,0.350574
1,16,256,2048,2048,161.299,0.682755
1,16,512,2048,2048,278.329,0.791347
1,16,1024,2048,2048,547.629,0.804395
1,16,2048,2048,2048,1152.785,0.764253
1,16,4096,2048,2048,2298.67,0.766547
1,16,1,2048,4096,195.993,0.00439
1,16,2,2048,4096,213.024,0.008078
1,16,4,2048,4096,212.557,0.016191
1,16,8,2048,4096,211.429,0.032555
1,16,16,2048,4096,214.853,0.064071
1,16,32,2048,4096,218.007,0.126289
1,16,64,2048,4096,224.785,0.244962
1,16,128,2048,4096,289.705,0.380136
1,16,256,2048,4096,324.235,0.679307
1,16,512,2048,4096,547.063,0.805227
1,16,1024,2048,4096,1172.555,0.751367
1,16,2048,2048,4096,2308.158,0.763396
1,16,4096,2048,4096,4581.038,0.769275
1,16,1,4096,128,23.339,0.002304
1,16,2,4096,128,23.903,0.004499
1,16,4,4096,128,23.668,0.009088
1,16,8,4096,128,23.634,0.018202
1,16,16,4096,128,23.739,0.036243
1,16,32,4096,128,23.266,0.073959
1,16,64,4096,128,23.951,0.143688
1,16,128,4096,128,33.02,0.208446
1,16,256,4096,128,48.479,0.283956
1,16,512,4096,128,92.241,0.298477
1,16,1024,4096,128,155.977,0.353025
1,16,2048,4096,128,247.438,0.445071
1,16,4096,4096,128,449.629,0.489859
1,16,1,4096,256,26.839,0.004007
1,16,2,4096,256,27.091,0.00794
1,16,4,4096,256,27.886,0.015427
1,16,8,4096,256,30.412,0.028291
1,16,16,4096,256,31.955,0.053849
1,16,32,4096,256,34.389,0.100076
1,16,64,4096,256,38.641,0.178124
1,16,128,4096,256,56.026,0.245705
1,16,256,4096,256,78.734,0.34968
1,16,512,4096,256,119.83,0.459517
1,16,1024,4096,256,185.84,0.592593
1,16,2048,4096,256,350.077,0.629162
1,16,4096,4096,256,612.385,0.719335
1,16,1,4096,512,63.78,0.003372
1,16,2,4096,512,65.172,0.006601
1,16,4,4096,512,65.305,0.013175
1,16,8,4096,512,65.602,0.02623
1,16,16,4096,512,66.622,0.051656
1,16,32,4096,512,68.35,0.100701
1,16,64,4096,512,72.982,0.18862
1,16,128,4096,512,86.424,0.318566
1,16,256,4096,512,118.383,0.46513
1,16,512,4096,512,191.58,0.574836
1,16,1024,4096,512,289.447,0.76095
1,16,2048,4096,512,547.183,0.80505
1,16,4096,4096,512,1142.309,0.771261
1,16,1,4096,1024,108.765,0.003955
1,16,2,4096,1024,110.167,0.00781
1,16,4,4096,1024,110.166,0.015619
1,16,8,4096,1024,110.885,0.031036
1,16,16,4096,1024,109.585,0.06281
1,16,32,4096,1024,112.278,0.122605
1,16,64,4096,1024,120.399,0.228671
1,16,128,4096,1024,150.704,0.365377
1,16,256,4096,1024,175.586,0.627201
1,16,512,4096,1024,275.047,0.800791
1,16,1024,4096,1024,557.838,0.789672
1,16,2048,4096,1024,1111.685,0.792508
1,16,4096,4096,1024,2280.189,0.77276
1,16,1,4096,2048,218.057,0.003946
1,16,2,4096,2048,205.758,0.008363
1,16,4,4096,2048,204.437,0.016834
1,16,8,4096,2048,204.823,0.033604
1,16,16,4096,2048,205.917,0.066852
1,16,32,4096,2048,208.936,0.131771
1,16,64,4096,2048,215.634,0.255358
1,16,128,4096,2048,307.838,0.357745
1,16,256,4096,2048,286.78,0.768027
1,16,512,4096,2048,532.153,0.827787
1,16,1024,4096,2048,1118.585,0.787619
1,16,2048,4096,2048,2217.34,0.794663
1,16,4096,4096,2048,4586.251,0.7684
1,16,1,4096,4096,381.58,0.00451
1,16,2,4096,4096,396.432,0.008681
1,16,4,4096,4096,395.254,0.017414
1,16,8,4096,4096,395.746,0.034785
1,16,16,4096,4096,399.254,0.068958
1,16,32,4096,4096,405.618,0.135753
1,16,64,4096,4096,415.945,0.264764
1,16,128,4096,4096,689.168,0.319595
1,16,256,4096,4096,592.777,0.743128
1,16,512,4096,4096,1164.156,0.756788
1,16,1024,4096,4096,2338.169,0.753597
1,16,2048,4096,4096,4565.456,0.7719
1,16,4096,4096,4096,9175.682,0.768134
1,32,1,128,128,14.946,0.000225
1,32,2,128,128,14.574,0.000461
1,32,4,128,128,14.58,0.000922
1,32,8,128,128,14.557,0.001847
1,32,16,128,128,14.437,0.003725
1,32,32,128,128,15.197,0.007077
1,32,64,128,128,14.695,0.014637
1,32,128,128,128,14.791,0.029084
1,32,256,128,128,14.645,0.058747
1,32,512,128,128,15.592,0.110363
1,32,1024,128,128,19.269,0.1786
1,32,2048,128,128,30.949,0.2224
1,32,4096,128,128,67.101,0.205152
1,32,1,128,256,15.431,0.000436
1,32,2,128,256,14.532,0.000925
1,32,4,128,256,14.422,0.001864
1,32,8,128,256,14.481,0.003713
1,32,16,128,256,14.582,0.007376
1,32,32,128,256,15.01,0.01433
1,32,64,128,256,14.894,0.028883
1,32,128,128,256,15.374,0.055963
1,32,256,128,256,15.531,0.110795
1,32,512,128,256,19.179,0.179439
1,32,1024,128,256,28.052,0.245364
1,32,2048,128,256,54.785,0.251269
1,32,4096,128,256,97.746,0.281668
1,32,1,128,512,14.57,0.000923
1,32,2,128,512,14.635,0.001837
1,32,4,128,512,14.512,0.003706
1,32,8,128,512,15.299,0.00703
1,32,16,128,512,14.544,0.014789
1,32,32,128,512,14.49,0.029688
1,32,64,128,512,14.901,0.057739
1,32,128,128,512,20.385,0.084413
1,32,256,128,512,17.631,0.195194
1,32,512,128,512,25.815,0.266624
1,32,1024,128,512,46.44,0.296423
1,32,2048,128,512,86.601,0.317915
1,32,4096,128,512,156.996,0.350732
1,32,1,128,1024,14.86,0.001809
1,32,2,128,1024,14.711,0.003655
1,32,4,128,1024,15.454,0.006959
1,32,8,128,1024,14.771,0.014562
1,32,16,128,1024,14.771,0.029124
1,32,32,128,1024,14.924,0.057648
1,32,64,128,1024,19.788,0.086958
1,32,128,128,1024,32.977,0.10436
1,32,256,128,1024,30.514,0.225569
1,32,512,128,1024,55.41,0.248438
1,32,1024,128,1024,104.791,0.26273
1,32,2048,128,1024,189.997,0.289813
1,32,4096,128,1024,370.727,0.297058
1,32,1,128,2048,17.756,0.003028
1,32,2,128,2048,16.96,0.006341
1,32,4,128,2048,17.183,0.012518
1,32,8,128,2048,17.367,0.02477
1,32,16,128,2048,18.021,0.047744
1,32,32,128,2048,19.834,0.086758
1,32,64,128,2048,35.248,0.097636
1,32,128,128,2048,63.407,0.108552
1,32,256,128,2048,59.623,0.230883
1,32,512,128,2048,106.709,0.258009
1,32,1024,128,2048,193.71,0.284259
1,32,2048,128,2048,359.607,0.306244
1,32,4096,128,2048,702.983,0.313315
1,32,1,128,4096,34.583,0.00311
1,32,2,128,4096,35.617,0.006039
1,32,4,128,4096,36.234,0.011872
1,32,8,128,4096,37.009,0.023247
1,32,16,128,4096,38.058,0.045214
1,32,32,128,4096,39.312,0.087543
1,32,64,128,4096,64.633,0.106493
1,32,128,128,4096,121.219,0.113563
1,32,256,128,4096,112.362,0.245028
1,32,512,128,4096,198.163,0.27787
1,32,1024,128,4096,379.118,0.290483
1,32,2048,128,4096,734.915,0.299701
1,32,4096,128,4096,1373.383,0.320748
1,32,1,256,128,25.035,0.000268
1,32,2,256,128,26.471,0.000508
1,32,4,256,128,28.63,0.000939
1,32,8,256,128,25.041,0.002147
1,32,16,256,128,27.39,0.003926
1,32,32,256,128,25.408,0.008466
1,32,64,256,128,25.38,0.016949
1,32,128,256,128,23.413,0.036747
1,32,256,256,128,23.499,0.073227
1,32,512,256,128,23.196,0.148367
1,32,1024,256,128,22.476,0.306237
1,32,2048,256,128,53.689,0.256403
1,32,4096,256,128,91.815,0.299861
1,32,1,256,256,19.642,0.000684
1,32,2,256,256,20.367,0.00132
1,32,4,256,256,21.873,0.002458
1,32,8,256,256,19.579,0.005493
1,32,16,256,256,18.698,0.011503
1,32,32,256,256,19.104,0.022519
1,32,64,256,256,19.283,0.044618
1,32,128,256,256,18.742,0.091814
1,32,256,256,256,19.964,0.172381
1,32,512,256,256,21.803,0.315684
1,32,1024,256,256,38.947,0.353451
1,32,2048,256,256,69.241,0.397622
1,32,4096,256,256,121.889,0.451753
1,32,1,256,512,16.464,0.001633
1,32,2,256,512,16.563,0.003247
1,32,4,256,512,16.226,0.006628
1,32,8,256,512,16.502,0.013035
1,32,16,256,512,16.752,0.025679
1,32,32,256,512,16.646,0.051686
1,32,64,256,512,19.098,0.0901
1,32,128,256,512,31.711,0.108527
1,32,256,256,512,20.672,0.332962
1,32,512,256,512,34.813,0.395424
1,32,1024,256,512,61.769,0.445726
1,32,2048,256,512,103.915,0.52989
1,32,4096,256,512,191.971,0.573665
1,32,1,256,1024,16.705,0.003219
1,32,2,256,1024,16.784,0.006408
1,32,4,256,1024,16.608,0.012951
1,32,8,256,1024,16.782,0.025634
1,32,16,256,1024,15.464,0.055638
1,32,32,256,1024,15.496,0.111042
1,32,64,256,1024,15.522,0.221723
1,32,128,256,1024,23.984,0.286978
1,32,256,256,1024,49.479,0.278216
1,32,512,256,1024,76.021,0.362161
1,32,1024,256,1024,142.274,0.387025
1,32,2048,256,1024,263.781,0.417495
1,32,4096,256,1024,513.392,0.429018
1,32,1,256,2048,28.732,0.003743
1,32,2,256,2048,29.598,0.007267
1,32,4,256,2048,30.229,0.014231
1,32,8,256,2048,32.347,0.026598
1,32,16,256,2048,34.665,0.049639
1,32,32,256,2048,38.704,0.088917
1,32,64,256,2048,43.025,0.159977
1,32,128,256,2048,54.62,0.252033
1,32,256,256,2048,79.707,0.345413
1,32,512,256,2048,146.57,0.375681
1,32,1024,256,2048,274.925,0.400572
1,32,2048,256,2048,516.249,0.426645
1,32,4096,256,2048,1013.544,0.434623
1,32,1,256,4096,59.856,0.003594
1,32,2,256,4096,60.489,0.007112
1,32,4,256,4096,61.322,0.01403
1,32,8,256,4096,62.23,0.027651
1,32,16,256,4096,64.608,0.053267
1,32,32,256,4096,67.781,0.101547
1,32,64,256,4096,74.22,0.185475
1,32,128,256,4096,95.065,0.289611
1,32,256,256,4096,152.283,0.361587
1,32,512,256,4096,276.527,0.398251
1,32,1024,256,4096,540.689,0.407359
1,32,2048,256,4096,1059.857,0.415631
1,32,4096,256,4096,2039.6,0.431957
1,32,1,512,128,14.195,0.000947
1,32,2,512,128,15.285,0.001759
1,32,4,512,128,14.461,0.003718
1,32,8,512,128,14.477,0.007429
1,32,16,512,128,14.48,0.014854
1,32,32,512,128,14.291,0.030101
1,32,64,512,128,14.947,0.057562
1,32,128,512,128,14.946,0.115132
1,32,256,512,128,14.822,0.232187
1,32,512,512,128,23.845,0.288658
1,32,1024,512,128,46.177,0.298111
1,32,2048,512,128,75.778,0.363324
1,32,4096,512,128,138.361,0.397972
1,32,1,512,256,15.144,0.001775
1,32,2,512,256,15.621,0.003442
1,32,4,512,256,14.745,0.007294
1,32,8,512,256,14.86,0.014475
1,32,16,512,256,14.866,0.028938
1,32,32,512,256,14.718,0.058458
1,32,64,512,256,15.54,0.110728
1,32,128,512,256,14.767,0.233047
1,32,256,512,256,23.147,0.297355
1,32,512,512,256,37.117,0.370879
1,32,1024,512,256,59.987,0.458966
1,32,2048,512,256,97.917,0.562349
1,32,4096,512,256,173.908,0.63325
1,32,1,512,512,15.414,0.003489
1,32,2,512,512,15.472,0.006951
1,32,4,512,512,15.397,0.01397
1,32,8,512,512,15.245,0.028218
1,32,16,512,512,15.461,0.055649
1,32,32,512,512,16.766,0.102633
1,32,64,512,512,18.987,0.181253
1,32,128,512,512,22.357,0.307861
1,32,256,512,512,36.462,0.377543
1,32,512,512,512,54.235,0.507637
1,32,1024,512,512,91.439,0.60219
1,32,2048,512,512,163.488,0.673613
1,32,4096,512,512,310.875,0.7085
1,32,1,512,1024,28.39,0.003788
1,32,2,512,1024,30.675,0.007012
1,32,4,512,1024,30.96,0.013895
1,32,8,512,1024,32.174,0.026741
1,32,16,512,1024,33.675,0.051098
1,32,32,512,1024,37.24,0.092415
1,32,64,512,1024,41.633,0.165325
1,32,128,512,1024,45.811,0.300493
1,32,256,512,1024,57.447,0.479258
1,32,512,512,1024,89.591,0.614609
1,32,1024,512,1024,159.551,0.690234
1,32,2048,512,1024,311.289,0.707556
1,32,4096,512,1024,633.168,0.695723
1,32,1,512,2048,60.529,0.003554
1,32,2,512,2048,62.609,0.006871
1,32,4,512,2048,63.491,0.013551
1,32,8,512,2048,63.823,0.026961
1,32,16,512,2048,65.116,0.052852
1,32,32,512,2048,67.878,0.101402
1,32,64,512,2048,71.159,0.193453
1,32,128,512,2048,76.443,0.360161
1,32,256,512,2048,102.728,0.536016
1,32,512,512,2048,172.853,0.637116
1,32,1024,512,2048,316.547,0.695805
1,32,2048,512,2048,631.63,0.697417
1,32,4096,512,2048,1308.838,0.673131
1,32,1,512,4096,107.912,0.003986
1,32,2,512,4096,112.673,0.007636
1,32,4,512,4096,112.867,0.015246
1,32,8,512,4096,115.154,0.029886
1,32,16,512,4096,117.889,0.058385
1,32,32,512,4096,121.631,0.113178
1,32,64,512,4096,128.555,0.214164
1,32,128,512,4096,137.514,0.400422
1,32,256,512,4096,179.561,0.613314
1,32,512,512,4096,320.718,0.686756
1,32,1024,512,4096,637.429,0.691072
1,32,2048,512,4096,1323.329,0.66576
1,32,4096,512,4096,2611.995,0.674595
1,32,1,1024,128,14.878,0.001807
1,32,2,1024,128,15.055,0.003572
1,32,4,1024,128,15.182,0.007084
1,32,8,1024,128,15.204,0.014147
1,32,16,1024,128,15.058,0.028569
1,32,32,1024,128,14.671,0.058643
1,32,64,1024,128,14.729,0.116829
1,32,128,1024,128,15.193,0.226517
1,32,256,1024,128,23.799,0.289211
1,32,512,1024,128,54.252,0.253739
1,32,1024,1024,128,79.7,0.345443
1,32,2048,1024,128,135.844,0.405344
1,32,4096,1024,128,253.017,0.435256
1,32,1,1024,256,20.743,0.002592
1,32,2,1024,256,15.165,0.007092
1,32,4,1024,256,15.146,0.014201
1,32,8,1024,256,15.155,0.028385
1,32,16,1024,256,15.077,0.057066
1,32,32,1024,256,15.526,0.110831
1,32,64,1024,256,16.797,0.204882
1,32,128,1024,256,21.828,0.315327
1,32,256,1024,256,46.621,0.295272
1,32,512,1024,256,63.036,0.436763
1,32,1024,1024,256,100.636,0.547159
1,32,2048,1024,256,173.896,0.633295
1,32,4096,1024,256,308.265,0.714499
1,32,1,1024,512,30.852,0.003486
1,32,2,1024,512,31.893,0.006744
1,32,4,1024,512,32.912,0.013071
1,32,8,1024,512,33.906,0.025375
1,32,16,1024,512,36.973,0.04654
1,32,32,1024,512,39.882,0.086291
1,32,64,1024,512,44.133,0.155959
1,32,128,1024,512,52.343,0.262996
1,32,256,1024,512,62.72,0.438966
1,32,512,1024,512,92.888,0.592797
1,32,1024,1024,512,156.31,0.704543
1,32,2048,1024,512,284.76,0.773476
1,32,4096,1024,512,574.531,0.766728
1,32,1,1024,1024,62.05,0.003466
1,32,2,1024,1024,60.385,0.007124
1,32,4,1024,1024,60.421,0.01424
1,32,8,1024,1024,61.909,0.027794
1,32,16,1024,1024,62.578,0.054995
1,32,32,1024,1024,64.544,0.10664
1,32,64,1024,1024,68.339,0.201435
1,32,128,1024,1024,76.377,0.360471
1,32,256,1024,1024,99.017,0.556105
1,32,512,1024,1024,159.558,0.690204
1,32,1024,1024,1024,284.964,0.77292
1,32,2048,1024,1024,586.724,0.750795
1,32,4096,1024,1024,1195.93,0.736681
1,32,1,1024,2048,105.934,0.004061
1,32,2,1024,2048,110.217,0.007806
1,32,4,1024,2048,110.456,0.015579
1,32,8,1024,2048,111.399,0.030893
1,32,16,1024,2048,113.79,0.060488
1,32,32,1024,2048,116.007,0.118664
1,32,64,1024,2048,121.253,0.22706
1,32,128,1024,2048,129.507,0.425179
1,32,256,1024,2048,176.866,0.62266
1,32,512,1024,2048,290.983,0.756932
1,32,1024,1024,2048,564.226,0.780733
1,32,2048,1024,2048,1198.983,0.734805
1,32,4096,1024,2048,2405.954,0.732365
1,32,1,1024,4096,197.368,0.004359
1,32,2,1024,4096,205.004,0.008394
1,32,4,1024,4096,205.694,0.016731
1,32,8,1024,4096,207.907,0.033106
1,32,16,1024,4096,211.069,0.06522
1,32,32,1024,4096,215.224,0.127922
1,32,64,1024,4096,223.619,0.246239
1,32,128,1024,4096,239.903,0.45905
1,32,256,1024,4096,306.752,0.718022
1,32,512,1024,4096,568.725,0.774556
1,32,1024,1024,4096,1188.482,0.741297
1,32,2048,1024,4096,2414.223,0.729857
1,32,4096,1024,4096,4794.324,0.735052
1,32,1,2048,128,17.056,0.003153
1,32,2,2048,128,15.614,0.006888
1,32,4,2048,128,15.65,0.013744
1,32,8,2048,128,15.64,0.027506
1,32,16,2048,128,15.703,0.054789
1,32,32,2048,128,15.764,0.109155
1,32,64,2048,128,17.327,0.198624
1,32,128,2048,128,33.799,0.203642
1,32,256,2048,128,51.916,0.265157
1,32,512,2048,128,93.17,0.295501
1,32,1024,2048,128,141.02,0.390466
1,32,2048,2048,128,245.717,0.448189
1,32,4096,2048,128,470.017,0.46861
1,32,1,2048,256,27.749,0.003876
1,32,2,2048,256,28.421,0.007568
1,32,4,2048,256,29.262,0.014701
1,32,8,2048,256,31.636,0.027196
1,32,16,2048,256,34.019,0.050581
1,32,32,2048,256,36.651,0.093898
1,32,64,2048,256,40.677,0.169209
1,32,128,2048,256,60.377,0.227998
1,32,256,2048,256,65.697,0.41907
1,32,512,2048,256,130.189,0.422951
1,32,1024,2048,256,185.059,0.595093
1,32,2048,2048,256,302.726,0.727571
1,32,4096,2048,256,598.609,0.735888
1,32,1,2048,512,62.557,0.003438
1,32,2,2048,512,62.711,0.00686
1,32,4,2048,512,62.94,0.01367
1,32,8,2048,512,63.549,0.027078
1,32,16,2048,512,64.913,0.053017
1,32,32,2048,512,66.5,0.103503
1,32,64,2048,512,74.202,0.185521
1,32,128,2048,512,77.27,0.356308
1,32,256,2048,512,129.716,0.424495
1,32,512,2048,512,177.326,0.621046
1,32,1024,2048,512,282.086,0.780807
1,32,2048,2048,512,565.3,0.779249
1,32,4096,2048,512,1156.547,0.761767
1,32,1,2048,1024,113.723,0.003783
1,32,2,2048,1024,106.802,0.008056
1,32,4,2048,1024,106.616,0.01614
1,32,8,2048,1024,107.114,0.032129
1,32,16,2048,1024,108.595,0.063382
1,32,32,2048,1024,111.389,0.123585
1,32,64,2048,1024,118.951,0.231456
1,32,128,2048,1024,157.901,0.348723
1,32,256,2048,1024,182.284,0.604154
1,32,512,2048,1024,287.669,0.765654
1,32,1024,2048,1024,563.177,0.782186
1,32,2048,2048,1024,1153.14,0.764018
1,32,4096,2048,1024,2325.165,0.757812
1,32,1,2048,2048,194.811,0.004416
1,32,2,2048,2048,199.638,0.008619
1,32,4,2048,2048,200.059,0.017202
1,32,8,2048,2048,200.616,0.034309
1,32,16,2048,2048,203.728,0.06757
1,32,32,2048,2048,208.65,0.131953
1,32,64,2048,2048,217.272,0.253431
1,32,128,2048,2048,239.416,0.459984
1,32,256,2048,2048,301.806,0.729789
1,32,512,2048,2048,566.821,0.777158
1,32,1024,2048,2048,1172.22,0.751582
1,32,2048,2048,2048,2322.924,0.758543
1,32,4096,2048,2048,4593.641,0.767164
1,32,1,2048,4096,372.561,0.004619
1,32,2,2048,4096,383.911,0.008964
1,32,4,2048,4096,383.986,0.017925
1,32,8,2048,4096,388.485,0.035435
1,32,16,2048,4096,394.924,0.069714
1,32,32,2048,4096,403.658,0.136412
1,32,64,2048,4096,417.555,0.263743
1,32,128,2048,4096,434.231,0.50723
1,32,256,2048,4096,608.798,0.723573
1,32,512,2048,4096,1181.675,0.745568
1,32,1024,2048,4096,2359.818,0.746684
1,32,2048,2048,4096,4674.554,0.753885
1,32,4096,2048,4096,9308.663,0.75716
1,32,1,4096,128,28.71,0.003746
1,32,2,4096,128,36.607,0.005876
1,32,4,4096,128,37.018,0.011621
1,32,8,4096,128,37.48,0.022956
1,32,16,4096,128,38.536,0.044652
1,32,32,4096,128,41.038,0.083861
1,32,64,4096,128,47.002,0.14644
1,32,128,4096,128,57.276,0.240343
1,32,256,4096,128,87.636,0.314162
1,32,512,4096,128,165.892,0.331925
1,32,1024,4096,128,253.736,0.434024
1,32,2048,4096,128,452.737,0.486496
1,32,4096,4096,128,879.874,0.50065
1,32,1,4096,256,62.485,0.003442
1,32,2,4096,256,56.471,0.007618
1,32,4,4096,256,56.699,0.015174
1,32,8,4096,256,57.833,0.029754
1,32,16,4096,256,59.694,0.057652
1,32,32,4096,256,62.875,0.109471
1,32,64,4096,256,69.337,0.198537
1,32,128,4096,256,84.097,0.32738
1,32,256,4096,256,143.306,0.384238
1,32,512,4096,256,202.448,0.543978
1,32,1024,4096,256,349.449,0.630292
1,32,2048,4096,256,670.084,0.657394
1,32,4096,4096,256,1349.889,0.65266
1,32,1,4096,512,107.536,0.004
1,32,2,4096,512,114.644,0.007505
1,32,4,4096,512,115.134,0.014946
1,32,8,4096,512,116.16,0.029627
1,32,16,4096,512,116.129,0.05927
1,32,32,4096,512,117.936,0.116724
1,32,64,4096,512,124.66,0.220856
1,32,128,4096,512,161.385,0.341195
1,32,256,4096,512,200.249,0.549951
1,32,512,4096,512,321.737,0.684579
1,32,1024,4096,512,625.42,0.704342
1,32,2048,4096,512,1288.261,0.683883
1,32,4096,4096,512,2569.256,0.685816
1,32,1,4096,1024,215.578,0.003991
1,32,2,4096,1024,194.96,0.008826
1,32,4,4096,1024,194.878,0.01766
1,32,8,4096,1024,196.339,0.035056
1,32,16,4096,1024,197.861,0.069574
1,32,32,4096,1024,203.34,0.135398
1,32,64,4096,1024,212.487,0.259139
1,32,128,4096,1024,254.745,0.432304
1,32,256,4096,1024,326.314,0.674978
1,32,512,4096,1024,593.922,0.741695
1,32,1024,4096,1024,1249.623,0.705028
1,32,2048,4096,1024,2507.176,0.702798
1,32,4096,4096,1024,4903.75,0.718649
1,32,1,4096,2048,379.894,0.00453
1,32,2,4096,2048,377.946,0.009106
1,32,4,4096,2048,378.311,0.018194
1,32,8,4096,2048,379.264,0.036296
1,32,16,4096,2048,382.339,0.072009
1,32,32,4096,2048,388.704,0.14166
1,32,64,4096,2048,400.407,0.275039
1,32,128,4096,2048,463.639,0.475056
1,32,256,4096,2048,636.989,0.691549
1,32,512,4096,2048,1280.879,0.687823
1,32,1024,4096,2048,2542.837,0.692942
1,32,2048,4096,2048,4956.65,0.710979
1,32,4096,4096,2048,9849.732,0.715568
1,32,1,4096,4096,732.762,0.004697
1,32,2,4096,4096,742.008,0.009276
1,32,4,4096,4096,743.188,0.018523
1,32,8,4096,4096,746.443,0.036884
1,32,16,4096,4096,753.011,0.073125
1,32,32,4096,4096,764.404,0.14407
1,32,64,4096,4096,784.232,0.280854
1,32,128,4096,4096,959.405,0.459149
1,32,256,4096,4096,1449.605,0.607765
1,32,512,4096,4096,2846.768,0.618961
1,32,1024,4096,4096,5654.613,0.623221
1,32,2048,4096,4096,11166.399,0.631193
1,32,4096,4096,4096,22426.73,0.628549
2,8,1,128,128,14.703,0.000114
2,8,2,128,128,14.533,0.000231
2,8,4,128,128,14.701,0.000457
2,8,8,128,128,14.662,0.000917
2,8,16,128,128,14.637,0.001837
2,8,32,128,128,14.464,0.003718
2,8,64,128,128,14.513,0.00741
2,8,128,128,128,14.58,0.014753
2,8,256,128,128,14.102,0.030506
2,8,512,128,128,15.617,0.055091
2,8,1024,128,128,14.859,0.115808
2,8,2048,128,128,23.493,0.146491
2,8,4096,128,128,36.694,0.187578
2,8,1,128,256,15.381,0.000219
2,8,2,128,256,14.423,0.000466
2,8,4,128,256,14.44,0.000931
2,8,8,128,256,14.926,0.001801
2,8,16,128,256,14.921,0.003604
2,8,32,128,256,14.973,0.007183
2,8,64,128,256,14.85,0.014484
2,8,128,128,256,14.938,0.028797
2,8,256,128,256,15.048,0.057176
2,8,512,128,256,15.645,0.109983
2,8,1024,128,256,18.866,0.182419
2,8,2048,128,256,27.656,0.248879
2,8,4096,128,256,53.791,0.255915
2,8,1,128,512,15.766,0.000426
2,8,2,128,512,14.484,0.000928
2,8,4,128,512,14.448,0.001861
2,8,8,128,512,14.36,0.003745
2,8,16,128,512,14.501,0.007417
2,8,32,128,512,14.437,0.014898
2,8,64,128,512,14.591,0.029482
2,8,128,128,512,14.895,0.057761
2,8,256,128,512,15.157,0.113527
2,8,512,128,512,17.484,0.196833
2,8,1024,128,512,25.457,0.270376
2,8,2048,128,512,43.724,0.31484
2,8,4096,128,512,85.646,0.321459
2,8,1,128,1024,15.992,0.000841
2,8,2,128,1024,16.051,0.001675
2,8,4,128,1024,15.025,0.003579
2,8,8,128,1024,15.13,0.007108
2,8,16,128,1024,14.941,0.014396
2,8,32,128,1024,14.869,0.028931
2,8,64,128,1024,15.267,0.056354
2,8,128,128,1024,19.539,0.088066
2,8,256,128,1024,21.091,0.163176
2,8,512,128,1024,30.109,0.228601
2,8,1024,128,1024,50.427,0.272989
2,8,2048,128,1024,101.687,0.27075
2,8,4096,128,1024,189.991,0.289823
2,8,1,128,2048,14.855,0.00181
2,8,2,128,2048,14.794,0.003635
2,8,4,128,2048,14.658,0.007337
2,8,8,128,2048,15.353,0.01401
2,8,16,128,2048,14.634,0.029395
2,8,32,128,2048,15.13,0.056863
2,8,64,128,2048,19.181,0.089709
2,8,128,128,2048,32.177,0.106955
2,8,256,128,2048,30.163,0.228193
2,8,512,128,2048,51.478,0.267416
2,8,1024,128,2048,100.36,0.274331
2,8,2048,128,2048,186.482,0.295276
2,8,4096,128,2048,357.505,0.308044
2,8,1,128,4096,17.617,0.003052
2,8,2,128,4096,17.053,0.006307
2,8,4,128,4096,17.41,0.012354
2,8,8,128,4096,17.417,0.024699
2,8,16,128,4096,17.99,0.047826
2,8,32,128,4096,19.279,0.089256
2,8,64,128,4096,34.648,0.099327
2,8,128,128,4096,64.144,0.107305
2,8,256,128,4096,58.05,0.237137
2,8,512,128,4096,105.553,0.260835
2,8,1024,128,4096,191.889,0.286955
2,8,2048,128,4096,374.364,0.294172
2,8,4096,128,4096,697.622,0.315722
2,8,1,256,128,14.107,0.000238
2,8,2,256,128,14.77,0.000455
2,8,4,256,128,14.62,0.00092
2,8,8,256,128,15.334,0.001753
2,8,16,256,128,14.709,0.003656
2,8,32,256,128,14.755,0.007289
2,8,64,256,128,15.456,0.013916
2,8,128,256,128,14.724,0.029216
2,8,256,256,128,14.057,0.061206
2,8,512,256,128,15.775,0.109082
2,8,1024,256,128,16.247,0.211824
2,8,2048,256,128,29.384,0.234243
2,8,4096,256,128,60.436,0.227776
2,8,1,256,256,14.46,0.000465
2,8,2,256,256,14.667,0.000917
2,8,4,256,256,14.664,0.001834
2,8,8,256,256,14.904,0.003608
2,8,16,256,256,14.762,0.007285
2,8,32,256,256,14.723,0.014609
2,8,64,256,256,14.821,0.029025
2,8,128,256,256,15.096,0.056992
2,8,256,256,256,14.809,0.116199
2,8,512,256,256,15.849,0.217145
2,8,1024,256,256,20.529,0.335278
2,8,2048,256,256,33.977,0.405152
2,8,4096,256,256,67.589,0.407344
2,8,1,256,512,14.477,0.000929
2,8,2,256,512,14.793,0.001817
2,8,4,256,512,14.794,0.003635
2,8,8,256,512,15.599,0.006894
2,8,16,256,512,15.012,0.014328
2,8,32,256,512,14.839,0.028991
2,8,64,256,512,15.166,0.056731
2,8,128,256,512,25.133,0.068466
2,8,256,256,512,24.323,0.141492
2,8,512,256,512,22.109,0.311315
2,8,1024,256,512,31.451,0.4377
2,8,2048,256,512,57.662,0.477466
2,8,4096,256,512,100.619,0.54725
2,8,1,256,1024,14.936,0.0018
2,8,2,256,1024,14.688,0.003661
2,8,4,256,1024,15.047,0.007148
2,8,8,256,1024,14.919,0.014418
2,8,16,256,1024,15.22,0.028264
2,8,32,256,1024,14.916,0.057681
2,8,64,256,1024,14.973,0.114924
2,8,128,256,1024,15.213,0.226226
2,8,256,256,1024,27.91,0.246609
2,8,512,256,1024,42.042,0.32743
2,8,1024,256,1024,74.176,0.371171
2,8,2048,256,1024,140.737,0.391253
2,8,4096,256,1024,261.288,0.421479
2,8,1,256,2048,15.229,0.003531
2,8,2,256,2048,15.104,0.00712
2,8,4,256,2048,14.914,0.014422
2,8,8,256,2048,14.971,0.028735
2,8,16,256,2048,15.055,0.05715
2,8,32,256,2048,15.16,0.113505
2,8,64,256,2048,14.991,0.229571
2,8,128,256,2048,25.376,0.271235
2,8,256,256,2048,46.473,0.296214
2,8,512,256,2048,74.487,0.369621
2,8,1024,256,2048,143.965,0.382479
2,8,2048,256,2048,258.077,0.426723
2,8,4096,256,2048,500.255,0.440285
2,8,1,256,4096,28.944,0.003716
2,8,2,256,4096,29.452,0.007303
2,8,4,256,4096,29.706,0.014481
2,8,8,256,4096,31.332,0.027459
2,8,16,256,4096,33.864,0.050813
2,8,32,256,4096,37.909,0.090784
2,8,64,256,4096,42.208,0.163073
2,8,128,256,4096,53.151,0.258996
2,8,256,256,4096,77.457,0.355448
2,8,512,256,4096,143.097,0.384799
2,8,1024,256,4096,268.761,0.409759
2,8,2048,256,4096,522.506,0.421536
2,8,4096,256,4096,1017.782,0.432813
2,8,1,512,128,14.461,0.000465
2,8,2,512,128,15.086,0.000891
2,8,4,512,128,14.401,0.001867
2,8,8,512,128,14.384,0.003739
2,8,16,512,128,14.45,0.007442
2,8,32,512,128,14.047,0.015312
2,8,64,512,128,13.996,0.030737
2,8,128,512,128,14.018,0.061375
2,8,256,512,128,14.569,0.118111
2,8,512,512,128,15.431,0.223022
2,8,1024,512,128,22.168,0.310489
2,8,2048,512,128,44.727,0.307775
2,8,4096,512,128,73.663,0.373755
2,8,1,512,256,14.613,0.00092
2,8,2,512,256,14.095,0.001908
2,8,4,512,256,14.03,0.003833
2,8,8,512,256,14.02,0.007671
2,8,16,512,256,13.95,0.015419
2,8,32,512,256,14.066,0.030583
2,8,64,512,256,14.072,0.061142
2,8,128,512,256,14.252,0.120736
2,8,256,512,256,15.345,0.224266
2,8,512,512,256,23.365,0.294589
2,8,1024,512,256,35.074,0.392485
2,8,2048,512,256,56.583,0.486578
2,8,4096,512,256,95.159,0.578647
2,8,1,512,512,14.559,0.001847
2,8,2,512,512,14.171,0.003795
2,8,4,512,512,14.252,0.007546
2,8,8,512,512,15.217,0.014135
2,8,16,512,512,14.686,0.029293
2,8,32,512,512,14.622,0.05884
2,8,64,512,512,14.43,0.11925
2,8,128,512,512,18.851,0.182561
2,8,256,512,512,22.234,0.309571
2,8,512,512,512,34.687,0.396863
2,8,1024,512,512,58.705,0.468982
2,8,2048,512,512,88.314,0.623496
2,8,4096,512,512,161.453,0.682102
2,8,1,512,1024,15.1,0.003561
2,8,2,512,1024,14.302,0.007519
2,8,4,512,1024,14.248,0.015096
2,8,8,512,1024,14.441,0.02979
2,8,16,512,1024,14.33,0.06004
2,8,32,512,1024,16.661,0.10328
2,8,64,512,1024,19.039,0.18076
2,8,128,512,1024,28.081,0.245111
2,8,256,512,1024,33.571,0.41005
2,8,512,512,1024,57.496,0.478851
2,8,1024,512,1024,97.952,0.562152
2,8,2048,512,1024,158.432,0.695106
2,8,4096,512,1024,305.714,0.720461
2,8,1,512,2048,28.579,0.003763
2,8,2,512,2048,31.934,0.006736
2,8,4,512,2048,31.825,0.013517
2,8,8,512,2048,32.653,0.026349
2,8,16,512,2048,34.543,0.049815
2,8,32,512,2048,36.447,0.094423
2,8,64,512,2048,41.811,0.16462
2,8,128,512,2048,53.639,0.25664
2,8,256,512,2048,64.083,0.429626
2,8,512,512,2048,106.796,0.515595
2,8,1024,512,2048,189.501,0.581143
2,8,2048,512,2048,306.43,0.718777
2,8,4096,512,2048,622.92,0.707168
2,8,1,512,4096,59.522,0.003614
2,8,2,512,4096,62.668,0.006865
2,8,4,512,4096,62.813,0.013697
2,8,8,512,4096,63.85,0.02695
2,8,16,512,4096,65.064,0.052894
2,8,32,512,4096,67.569,0.101865
2,8,64,512,4096,71.832,0.19164
2,8,128,512,4096,110.969,0.248103
2,8,256,512,4096,113.375,0.485678
2,8,512,512,4096,198.344,0.555233
2,8,1024,512,4096,371.779,0.592434
2,8,2048,512,4096,615.622,0.715552
2,8,4096,512,4096,1300.481,0.677456
2,8,1,1024,128,14.176,0.000948
2,8,2,1024,128,14.974,0.001796
2,8,4,1024,128,14.235,0.003777
2,8,8,1024,128,14.306,0.007517
2,8,16,1024,128,14.28,0.015062
2,8,32,1024,128,14.606,0.029453
2,8,64,1024,128,14.729,0.058412
2,8,128,1024,128,14.654,0.117421
2,8,256,1024,128,15.409,0.223338
2,8,512,1024,128,28.97,0.237593
2,8,1024,1024,128,52.172,0.263854
2,8,2048,1024,128,77.445,0.355503
2,8,4096,1024,128,132.561,0.415383
2,8,1,1024,256,14.314,0.001878
2,8,2,1024,256,14.238,0.003777
2,8,4,1024,256,14.275,0.007534
2,8,8,1024,256,14.182,0.015167
2,8,16,1024,256,14.192,0.030313
2,8,32,1024,256,15.06,0.057129
2,8,64,1024,256,14.296,0.120362
2,8,128,1024,256,18.473,0.186298
2,8,256,1024,256,29.043,0.236988
2,8,512,1024,256,45.298,0.303896
2,8,1024,1024,256,63.238,0.435366
2,8,2048,1024,256,102.367,0.537904
2,8,4096,1024,256,183.086,0.601506
2,8,1,1024,512,18.914,0.002843
2,8,2,1024,512,16.612,0.006474
2,8,4,1024,512,16.624,0.012939
2,8,8,1024,512,16.619,0.025885
2,8,16,1024,512,16.543,0.052008
2,8,32,1024,512,17.113,0.100549
2,8,64,1024,512,18.416,0.186871
2,8,128,1024,512,33.632,0.204654
2,8,256,1024,512,44.467,0.309579
2,8,512,1024,512,72.707,0.378668
2,8,1024,1024,512,93.656,0.587937
2,8,2048,1024,512,173.734,0.633884
2,8,4096,1024,512,285.738,0.770826
2,8,1,1024,1024,26.008,0.004135
2,8,2,1024,1024,30.145,0.007135
2,8,4,1024,1024,30.404,0.014149
2,8,8,1024,1024,30.98,0.027772
2,8,16,1024,1024,32.76,0.052526
2,8,32,1024,1024,37.365,0.092103
2,8,64,1024,1024,42.448,0.16215
2,8,128,1024,1024,50.979,0.270032
2,8,256,1024,1024,60.074,0.458297
2,8,512,1024,1024,87.535,0.629044
2,8,1024,1024,1024,155.199,0.709586
2,8,2048,1024,1024,287.422,0.766312
2,8,4096,1024,1024,574.479,0.766799
2,8,1,1024,2048,61.996,0.003469
2,8,2,1024,2048,59.701,0.007206
2,8,4,1024,2048,61.774,0.013928
2,8,8,1024,2048,62.002,0.027753
2,8,16,1024,2048,63.241,0.054419
2,8,32,1024,2048,64.476,0.106752
2,8,64,1024,2048,68.33,0.201462
2,8,128,1024,2048,86.732,0.317435
2,8,256,1024,2048,93.499,0.588921
2,8,512,1024,2048,153.83,0.715905
2,8,1024,1024,2048,287.017,0.767392
2,8,2048,1024,2048,569.524,0.773469
2,8,4096,1024,2048,1192.31,0.738918
2,8,1,1024,4096,106.258,0.004048
2,8,2,1024,4096,110.033,0.007819
2,8,4,1024,4096,110.012,0.015641
2,8,8,1024,4096,111.403,0.030892
2,8,16,1024,4096,113.383,0.060705
2,8,32,1024,4096,115.691,0.118988
2,8,64,1024,4096,118.636,0.232071
2,8,128,1024,4096,159.555,0.345107
2,8,256,1024,4096,170.206,0.647024
2,8,512,1024,4096,290.039,0.759396
2,8,1024,1024,4096,564.735,0.780028
2,8,2048,1024,4096,1207.175,0.729819
2,8,4096,1024,4096,2424.207,0.726851
2,8,1,2048,128,15.128,0.001777
2,8,2,2048,128,15.614,0.003444
2,8,4,2048,128,15.621,0.006885
2,8,8,2048,128,15.627,0.013764
2,8,16,2048,128,15.658,0.027474
2,8,32,2048,128,15.763,0.054582
2,8,64,2048,128,15.867,0.108446
2,8,128,2048,128,16.811,0.204717
2,8,256,2048,128,23.403,0.294108
2,8,512,2048,128,53.212,0.258698
2,8,1024,2048,128,87.338,0.315234
2,8,2048,2048,128,135.885,0.405224
2,8,4096,2048,128,238.918,0.460942
2,8,1,2048,256,14.82,0.003628
2,8,2,2048,256,14.789,0.007272
2,8,4,2048,256,14.759,0.014573
2,8,8,2048,256,14.847,0.028975
2,8,16,2048,256,15.072,0.057083
2,8,32,2048,256,14.808,0.1162
2,8,64,2048,256,15.531,0.221582
2,8,128,2048,256,32.451,0.212101
2,8,256,2048,256,45.621,0.301748
2,8,512,2048,256,65.086,0.423009
2,8,1024,2048,256,102.617,0.536594
2,8,2048,2048,256,186.727,0.589776
2,8,4096,2048,256,316.44,0.696039
2,8,1,2048,512,32.037,0.003357
2,8,2,2048,512,32.296,0.00666
2,8,4,2048,512,32.594,0.013198
2,8,8,2048,512,33.429,0.025738
2,8,16,2048,512,36.339,0.047352
2,8,32,2048,512,37.994,0.09058
2,8,64,2048,512,41.077,0.167564
2,8,128,2048,512,49.339,0.279006
2,8,256,2048,512,64.176,0.429005
2,8,512,2048,512,102.532,0.537041
2,8,1024,2048,512,152.459,0.722339
2,8,2048,2048,512,279.422,0.788251
2,8,4096,2048,512,533.613,0.825522
2,8,1,2048,1024,58.003,0.003708
2,8,2,2048,1024,62.618,0.00687
2,8,4,2048,1024,62.85,0.013689
2,8,8,2048,1024,62.934,0.027342
2,8,16,2048,1024,63.875,0.053878
2,8,32,2048,1024,65.769,0.104653
2,8,64,2048,1024,69.867,0.197031
2,8,128,2048,1024,87.557,0.314444
2,8,256,2048,1024,100.108,0.550043
2,8,512,2048,1024,150.582,0.731342
2,8,1024,2048,1024,288.666,0.76301
2,8,2048,2048,1024,542.254,0.812368
2,8,4096,2048,1024,1142.781,0.770943
2,8,1,2048,2048,114.482,0.003758
2,8,2,2048,2048,113.637,0.007571
2,8,4,2048,2048,114.358,0.015047
2,8,8,2048,2048,114.652,0.030017
2,8,16,2048,2048,115.743,0.059468
2,8,32,2048,2048,116.475,0.118187
2,8,64,2048,2048,120.509,0.228464
2,8,128,2048,2048,156.35,0.352182
2,8,256,2048,2048,161.43,0.682197
2,8,512,2048,2048,282.518,0.779612
2,8,1024,2048,2048,536.435,0.821179
2,8,2048,2048,2048,1139.375,0.773248
2,8,4096,2048,2048,2334.786,0.754689
2,8,1,2048,4096,195.724,0.004396
2,8,2,2048,4096,214.169,0.008034
2,8,4,2048,4096,212.455,0.016199
2,8,8,2048,4096,212.696,0.032361
2,8,16,2048,4096,215.333,0.063929
2,8,32,2048,4096,218.697,0.125891
2,8,64,2048,4096,226.012,0.243632
2,8,128,2048,4096,292.03,0.37711
2,8,256,2048,4096,324.315,0.679138
2,8,512,2048,4096,542.799,0.811552
2,8,1024,2048,4096,1171.705,0.751912
2,8,2048,2048,4096,2333.016,0.755262
2,8,4096,2048,4096,4650.18,0.757836
2,8,1,4096,128,23.71,0.002268
2,8,2,4096,128,24.475,0.004394
2,8,4,4096,128,24.072,0.008935
2,8,8,4096,128,23.943,0.017967
2,8,16,4096,128,23.955,0.035916
2,8,32,4096,128,24.109,0.071373
2,8,64,4096,128,24.652,0.139602
2,8,128,4096,128,33.45,0.20577
2,8,256,4096,128,49.01,0.28088
2,8,512,4096,128,93.337,0.294971
2,8,1024,4096,128,158.6,0.347185
2,8,2048,4096,128,248.854,0.442538
2,8,4096,4096,128,449.503,0.489997
2,8,1,4096,256,26.957,0.00399
2,8,2,4096,256,27.456,0.007834
2,8,4,4096,256,28.002,0.015363
2,8,8,4096,256,30.359,0.02834
2,8,16,4096,256,32.223,0.0534
2,8,32,4096,256,34.722,0.099115
2,8,64,4096,256,38.357,0.179445
2,8,128,4096,256,55.875,0.24637
2,8,256,4096,256,77.806,0.353853
2,8,512,4096,256,117.543,0.468457
2,8,1024,4096,256,186.027,0.591998
2,8,2048,4096,256,350.65,0.628133
2,8,4096,4096,256,610.996,0.720969
2,8,1,4096,512,64.328,0.003344
2,8,2,4096,512,64.485,0.006671
2,8,4,4096,512,64.715,0.013295
2,8,8,4096,512,64.984,0.02648
2,8,16,4096,512,65.972,0.052166
2,8,32,4096,512,67.844,0.101453
2,8,64,4096,512,71.07,0.193695
2,8,128,4096,512,86.714,0.317503
2,8,256,4096,512,119.889,0.459289
2,8,512,4096,512,194.41,0.56647
2,8,1024,4096,512,288.544,0.763333
2,8,2048,4096,512,565.148,0.779458
2,8,4096,4096,512,1139.557,0.773124
2,8,1,4096,1024,108.49,0.003965
2,8,2,4096,1024,110.179,0.007809
2,8,4,4096,1024,110.557,0.015564
2,8,8,4096,1024,109.896,0.031316
2,8,16,4096,1024,110.364,0.062366
2,8,32,4096,1024,112.455,0.122413
2,8,64,4096,1024,120.826,0.227863
2,8,128,4096,1024,146.398,0.376122
2,8,256,4096,1024,176.36,0.624446
2,8,512,4096,1024,278.183,0.791763
2,8,1024,4096,1024,550.228,0.800594
2,8,2048,4096,1024,1139.812,0.772951
2,8,4096,4096,1024,2305.697,0.764211
2,8,1,4096,2048,218.835,0.003932
2,8,2,4096,2048,205.234,0.008384
2,8,4,4096,2048,204.687,0.016813
2,8,8,4096,2048,205.609,0.033476
2,8,16,4096,2048,205.941,0.066844
2,8,32,4096,2048,209.938,0.131143
2,8,64,4096,2048,215.074,0.256022
2,8,128,4096,2048,309.638,0.355665
2,8,256,4096,2048,286.526,0.768707
2,8,512,4096,2048,556.671,0.791328
2,8,1024,4096,2048,1137.281,0.774671
2,8,2048,4096,2048,2303.206,0.765037
2,8,4096,4096,2048,4586.072,0.76843
2,8,1,4096,4096,381.038,0.004516
2,8,2,4096,4096,394.236,0.008729
2,8,4,4096,4096,393.576,0.017488
2,8,8,4096,4096,396.885,0.034685
2,8,16,4096,4096,398.589,0.069073
2,8,32,4096,4096,405.169,0.135903
2,8,64,4096,4096,416.742,0.264258
2,8,128,4096,4096,688.012,0.320132
2,8,256,4096,4096,595.618,0.739584
2,8,512,4096,4096,1150.553,0.765735
2,8,1024,4096,4096,2335.306,0.754521
2,8,2048,4096,4096,4574.644,0.77035
2,8,4096,4096,4096,9271.317,0.76021
2,16,1,128,128,15.018,0.000224
2,16,2,128,128,14.782,0.000455
2,16,4,128,128,14.519,0.000926
2,16,8,128,128,14.451,0.001861
2,16,16,128,128,14.558,0.003694
2,16,32,128,128,15.616,0.006887
2,16,64,128,128,14.438,0.014898
2,16,128,128,128,14.55,0.029566
2,16,256,128,128,14.336,0.060014
2,16,512,128,128,16.064,0.107118
2,16,1024,128,128,19.885,0.173067
2,16,2048,128,128,31.99,0.215159
2,16,4096,128,128,68.106,0.202126
2,16,1,128,256,15.001,0.000448
2,16,2,128,256,14.971,0.000898
2,16,4,128,256,14.889,0.001806
2,16,8,128,256,14.918,0.003605
2,16,16,128,256,14.951,0.007193
2,16,32,128,256,15.1,0.014245
2,16,64,128,256,14.78,0.029105
2,16,128,128,256,14.869,0.057865
2,16,256,128,256,15.464,0.111274
2,16,512,128,256,18.171,0.18939
2,16,1024,128,256,26.434,0.260381
2,16,2048,128,256,55.66,0.247322
2,16,4096,128,256,99.438,0.276875
2,16,1,128,512,14.702,0.000914
2,16,2,128,512,14.472,0.001858
2,16,4,128,512,14.563,0.003692
2,16,8,128,512,14.524,0.007405
2,16,16,128,512,15.07,0.014273
2,16,32,128,512,14.83,0.029007
2,16,64,128,512,15.443,0.055713
2,16,128,128,512,20.017,0.085964
2,16,256,128,512,17.269,0.199281
2,16,512,128,512,25.288,0.272181
2,16,1024,128,512,45.644,0.301591
2,16,2048,128,512,86.848,0.317013
2,16,4096,128,512,158.467,0.347477
2,16,1,128,1024,14.97,0.001796
2,16,2,128,1024,14.866,0.003617
2,16,4,128,1024,16.093,0.006683
2,16,8,128,1024,15.081,0.014263
2,16,16,128,1024,15.149,0.028396
2,16,32,128,1024,15.389,0.055908
2,16,64,128,1024,19.56,0.087973
2,16,128,128,1024,32.643,0.105427
2,16,256,128,1024,30.326,0.226966
2,16,512,128,1024,54.85,0.250973
2,16,1024,128,1024,105.525,0.260903
2,16,2048,128,1024,191.925,0.286902
2,16,4096,128,1024,367.678,0.299521
2,16,1,128,2048,17.539,0.003066
2,16,2,128,2048,17.007,0.006324
2,16,4,128,2048,17.789,0.012091
2,16,8,128,2048,17.379,0.024753
2,16,16,128,2048,17.993,0.047817
2,16,32,128,2048,19.866,0.086618
2,16,64,128,2048,35.201,0.097767
2,16,128,128,2048,63.385,0.10859
2,16,256,128,2048,59.574,0.231072
2,16,512,128,2048,106.545,0.258406
2,16,1024,128,2048,193.919,0.283952
2,16,2048,128,2048,359.586,0.306261
2,16,4096,128,2048,700.379,0.314479
2,16,1,128,4096,34.745,0.003095
2,16,2,128,4096,35.716,0.006022
2,16,4,128,4096,36.422,0.011811
2,16,8,128,4096,37.065,0.023212
2,16,16,128,4096,38.017,0.045263
2,16,32,128,4096,39.551,0.087013
2,16,64,128,4096,64.201,0.10721
2,16,128,128,4096,120.295,0.114435
2,16,256,128,4096,112.296,0.245173
2,16,512,128,4096,197.455,0.278866
2,16,1024,128,4096,376.951,0.292153
2,16,2048,128,4096,731.099,0.301265
2,16,4096,128,4096,1392.976,0.316236
2,16,1,256,128,14.028,0.000479
2,16,2,256,128,15.24,0.000882
2,16,4,256,128,15.1,0.001781
2,16,8,256,128,15.604,0.003446
2,16,16,256,128,14.796,0.007268
2,16,32,256,128,15.327,0.014034
2,16,64,256,128,14.79,0.029086
2,16,128,256,128,14.986,0.057411
2,16,256,256,128,14.348,0.119931
2,16,512,256,128,16.493,0.208662
2,16,1024,256,128,21.475,0.320507
2,16,2048,256,128,53.6,0.256825
2,16,4096,256,128,91.936,0.299469
2,16,1,256,256,14.621,0.000919
2,16,2,256,256,14.715,0.001827
2,16,4,256,256,14.784,0.003637
2,16,8,256,256,14.788,0.007273
2,16,16,256,256,14.973,0.014366
2,16,32,256,256,14.725,0.029215
2,16,64,256,256,14.972,0.057465
2,16,128,256,256,18.745,0.091795
2,16,256,256,256,16.171,0.212816
2,16,512,256,256,20.887,0.329532
2,16,1024,256,256,38.998,0.352989
2,16,2048,256,256,69.344,0.397034
2,16,4096,256,256,121.571,0.452933
2,16,1,256,512,15.243,0.001764
2,16,2,256,512,15.532,0.003462
2,16,4,256,512,15.87,0.006777
2,16,8,256,512,15.483,0.013892
2,16,16,256,512,15.464,0.027819
2,16,32,256,512,15.504,0.055494
2,16,64,256,512,18.575,0.092638
2,16,128,256,512,32.149,0.107049
2,16,256,256,512,20.595,0.334201
2,16,512,256,512,34.774,0.395864
2,16,1024,256,512,61.48,0.44782
2,16,2048,256,512,103.106,0.534047
2,16,4096,256,512,192.279,0.572748
2,16,1,256,1024,14.989,0.003587
2,16,2,256,1024,15.077,0.007133
2,16,4,256,1024,15.122,0.014223
2,16,8,256,1024,15.245,0.028218
2,16,16,256,1024,14.995,0.057379
2,16,32,256,1024,15.193,0.113262
2,16,64,256,1024,15.291,0.225061
2,16,128,256,1024,24.159,0.284901
2,16,256,256,1024,49.101,0.280357
2,16,512,256,1024,76.515,0.359824
2,16,1024,256,1024,143.694,0.3832
2,16,2048,256,1024,265.854,0.41424
2,16,4096,256,1024,520.562,0.423109
2,16,1,256,2048,29.376,0.003661
2,16,2,256,2048,29.42,0.007311
2,16,4,256,2048,30.034,0.014323
2,16,8,256,2048,32.11,0.026794
2,16,16,256,2048,34.791,0.049459
2,16,32,256,2048,38.733,0.088852
2,16,64,256,2048,43.153,0.159501
2,16,128,256,2048,54.53,0.252447
2,16,256,256,2048,79.435,0.346596
2,16,512,256,2048,145.442,0.378596
2,16,1024,256,2048,272.03,0.404835
2,16,2048,256,2048,508.556,0.433098
2,16,4096,256,2048,1021.909,0.431065
2,16,1,256,4096,59.897,0.003591
2,16,2,256,4096,60.054,0.007163
2,16,4,256,4096,61.155,0.014069
2,16,8,256,4096,62.426,0.027564
2,16,16,256,4096,64.583,0.053288
2,16,32,256,4096,67.662,0.101726
2,16,64,256,4096,73.997,0.186034
2,16,128,256,4096,95.31,0.288865
2,16,256,256,4096,152.32,0.3615
2,16,512,256,4096,274.691,0.400914
2,16,1024,256,4096,540.018,0.407866
2,16,2048,256,4096,1062.306,0.414673
2,16,4096,256,4096,2069.532,0.425709
2,16,1,512,128,14.522,0.000926
2,16,2,512,128,14.544,0.001849
2,16,4,512,128,14.643,0.003672
2,16,8,512,128,15.297,0.00703
2,16,16,512,128,14.537,0.014797
2,16,32,512,128,14.587,0.02949
2,16,64,512,128,15.345,0.056069
2,16,128,512,128,15.085,0.114072
2,16,256,512,128,15.766,0.218291
2,16,512,512,128,24.074,0.285908
2,16,1024,512,128,46.46,0.296294
2,16,2048,512,128,75.804,0.363199
2,16,4096,512,128,137.508,0.400439
2,16,1,512,256,15.54,0.00173
2,16,2,512,256,15.488,0.003472
2,16,4,512,256,15.495,0.006941
2,16,8,512,256,15.414,0.013954
2,16,16,512,256,15.472,0.027805
2,16,32,512,256,15.437,0.055733
2,16,64,512,256,15.57,0.110518
2,16,128,512,256,15.013,0.229231
2,16,256,512,256,22.939,0.300056
2,16,512,512,256,36.99,0.372155
2,16,1024,512,256,59.623,0.461767
2,16,2048,512,256,97.7,0.5636
2,16,4096,512,256,173.434,0.634983
2,16,1,512,512,15.165,0.003546
2,16,2,512,512,16.987,0.006331
2,16,4,512,512,14.908,0.014428
2,16,8,512,512,15.009,0.028661
2,16,16,512,512,15.823,0.054375
2,16,32,512,512,16.733,0.102837
2,16,64,512,512,19.058,0.180576
2,16,128,512,512,22.654,0.303824
2,16,256,512,512,36.457,0.377592
2,16,512,512,512,54.207,0.507904
2,16,1024,512,512,91.272,0.603289
2,16,2048,512,512,163.189,0.674847
2,16,4096,512,512,312.013,0.705915
2,16,1,512,1024,28.138,0.003822
2,16,2,512,1024,31.897,0.006743
2,16,4,512,1024,32.239,0.013343
2,16,8,512,1024,33.371,0.025782
2,16,16,512,1024,34.899,0.049306
2,16,32,512,1024,38.278,0.089908
2,16,64,512,1024,42.741,0.161038
2,16,128,512,1024,46.603,0.295387
2,16,256,512,1024,58.808,0.468165
2,16,512,512,1024,94.021,0.585655
2,16,1024,512,1024,163.208,0.674768
2,16,2048,512,1024,311.624,0.706796
2,16,4096,512,1024,647.061,0.680786
2,16,1,512,2048,59.843,0.003594
2,16,2,512,2048,63.13,0.006814
2,16,4,512,2048,64.298,0.013381
2,16,8,512,2048,64.266,0.026775
2,16,16,512,2048,65.496,0.052545
2,16,32,512,2048,68.198,0.100927
2,16,64,512,2048,72.138,0.190827
2,16,128,512,2048,77.229,0.356498
2,16,256,512,2048,106.501,0.517025
2,16,512,512,2048,169.819,0.6485
2,16,1024,512,2048,319.922,0.688464
2,16,2048,512,2048,634.725,0.694016
2,16,4096,512,2048,1327.18,0.663828
2,16,1,512,4096,107.798,0.003991
2,16,2,512,4096,113.454,0.007583
2,16,4,512,4096,113.878,0.01511
2,16,8,512,4096,116.006,0.029666
2,16,16,512,4096,116.309,0.059178
2,16,32,512,4096,121.421,0.113373
2,16,64,512,4096,128.2,0.214757
2,16,128,512,4096,137.464,0.400567
2,16,256,512,4096,178.322,0.617574
2,16,512,512,4096,317.875,0.692897
2,16,1024,512,4096,631.39,0.697682
2,16,2048,512,4096,1328.986,0.662925
2,16,4096,512,4096,2629.901,0.670001
2,16,1,1024,128,15.867,0.001695
2,16,2,1024,128,15.351,0.003503
2,16,4,1024,128,15.071,0.007136
2,16,8,1024,128,15.19,0.01416
2,16,16,1024,128,15.163,0.02837
2,16,32,1024,128,15.111,0.056937
2,16,64,1024,128,15.276,0.112645
2,16,128,1024,128,15.327,0.224533
2,16,256,1024,128,23.792,0.2893
2,16,512,1024,128,54.813,0.251143
2,16,1024,1024,128,78.03,0.352835
2,16,2048,1024,128,133.88,0.411291
2,16,4096,1024,128,250.63,0.439402
2,16,1,1024,256,15.295,0.003516
2,16,2,1024,256,18.333,0.005866
2,16,4,1024,256,15.458,0.013914
2,16,8,1024,256,15.008,0.028664
2,16,16,1024,256,14.976,0.057449
2,16,32,1024,256,15.341,0.112167
2,16,64,1024,256,16.596,0.207364
2,16,128,1024,256,21.502,0.320112
2,16,256,1024,256,46.406,0.296638
2,16,512,1024,256,62.716,0.43899
2,16,1024,1024,256,100.083,0.550181
2,16,2048,1024,256,175.16,0.628723
2,16,4096,1024,256,307.481,0.716319
2,16,1,1024,512,30.566,0.003519
2,16,2,1024,512,31.705,0.006784
2,16,4,1024,512,32.026,0.013432
2,16,8,1024,512,32.963,0.026101
2,16,16,1024,512,35.958,0.047854
2,16,32,1024,512,38.691,0.088947
2,16,64,1024,512,43.047,0.159893
2,16,128,1024,512,51.213,0.268799
2,16,256,1024,512,61.32,0.448983
2,16,512,1024,512,89.948,0.612172
2,16,1024,1024,512,154.18,0.714278
2,16,2048,1024,512,284.397,0.774462
2,16,4096,1024,512,554.314,0.794693
2,16,1,1024,1024,62.531,0.00344
2,16,2,1024,1024,61.029,0.007049
2,16,4,1024,1024,61.196,0.014059
2,16,8,1024,1024,62.148,0.027688
2,16,16,1024,1024,63.114,0.054528
2,16,32,1024,1024,65.651,0.104842
2,16,64,1024,1024,68.636,0.200564
2,16,128,1024,1024,76.207,0.361276
2,16,256,1024,1024,98.565,0.558654
2,16,512,1024,1024,160.612,0.685674
2,16,1024,1024,1024,291.446,0.755731
2,16,2048,1024,1024,578.123,0.761965
2,16,4096,1024,1024,1215.413,0.724872
2,16,1,1024,2048,105.601,0.004074
2,16,2,1024,2048,110.319,0.007799
2,16,4,1024,2048,110.947,0.01551
2,16,8,1024,2048,111.3,0.030921
2,16,16,1024,2048,112.641,0.061105
2,16,32,1024,2048,115.628,0.119054
2,16,64,1024,2048,120.348,0.228768
2,16,128,1024,2048,129.379,0.425599
2,16,256,1024,2048,174.292,0.631856
2,16,512,1024,2048,285.021,0.772767
2,16,1024,1024,2048,571.868,0.770299
2,16,2048,1024,2048,1211.394,0.727277
2,16,4096,1024,2048,2420.724,0.727897
2,16,1,1024,4096,196.893,0.00437
2,16,2,1024,4096,203.867,0.00844
2,16,4,1024,4096,205.778,0.016724
2,16,8,1024,4096,206.131,0.033391
2,16,16,1024,4096,209.46,0.065721
2,16,32,1024,4096,216.029,0.127445
2,16,64,1024,4096,223.618,0.24624
2,16,128,1024,4096,240.163,0.458552
2,16,256,1024,4096,306.916,0.717639
2,16,512,1024,4096,574.549,0.766705
2,16,1024,1024,4096,1219.371,0.722519
2,16,2048,1024,4096,2445.553,0.720507
2,16,4096,1024,4096,4838.746,0.728304
2,16,1,2048,128,17.288,0.00311
2,16,2,2048,128,15.852,0.006784
2,16,4,2048,128,15.818,0.013598
2,16,8,2048,128,15.864,0.027118
2,16,16,2048,128,15.848,0.054288
2,16,32,2048,128,15.985,0.107648
2,16,64,2048,128,17.501,0.196646
2,16,128,2048,128,33.847,0.203355
2,16,256,2048,128,52.219,0.263621
2,16,512,2048,128,93.792,0.293543
2,16,1024,2048,128,143.482,0.383767
2,16,2048,2048,128,249.116,0.442073
2,16,4096,2048,128,471.456,0.467179
2,16,1,2048,256,28.163,0.003819
2,16,2,2048,256,28.876,0.007449
2,16,4,2048,256,28.947,0.014861
2,16,8,2048,256,31.569,0.027254
2,16,16,2048,256,34.109,0.050449
2,16,32,2048,256,36.961,0.09311
2,16,64,2048,256,41.182,0.167136
2,16,128,2048,256,61.708,0.22308
2,16,256,2048,256,66.932,0.411342
2,16,512,2048,256,130.918,0.420598
2,16,1024,2048,256,185.919,0.592341
2,16,2048,2048,256,303.579,0.725528
2,16,4096,2048,256,599.672,0.734584
2,16,1,2048,512,62.453,0.003444
2,16,2,2048,512,62.402,0.006894
2,16,4,2048,512,63.216,0.01361
2,16,8,2048,512,63.491,0.027102
2,16,16,2048,512,65.438,0.052591
2,16,32,2048,512,66.544,0.103434
2,16,64,2048,512,74.425,0.184963
2,16,128,2048,512,77.431,0.355564
2,16,256,2048,512,129.714,0.424502
2,16,512,2048,512,177.532,0.620323
2,16,1024,2048,512,281.741,0.781765
2,16,2048,2048,512,569.704,0.773225
2,16,4096,2048,512,1171.316,0.752162
2,16,1,2048,1024,113.672,0.003784
2,16,2,2048,1024,106.412,0.008085
2,16,4,2048,1024,107.056,0.016073
2,16,8,2048,1024,106.732,0.032244
2,16,16,2048,1024,108.573,0.063395
2,16,32,2048,1024,111.554,0.123402
2,16,64,2048,1024,119.261,0.230853
2,16,128,2048,1024,156.293,0.35231
2,16,256,2048,1024,182.284,0.604154
2,16,512,2048,1024,287.18,0.766956
2,16,1024,2048,1024,561.462,0.784576
2,16,2048,2048,1024,1150.941,0.765477
2,16,4096,2048,1024,2326.137,0.757495
2,16,1,2048,2048,195.431,0.004402
2,16,2,2048,2048,199.166,0.00864
2,16,4,2048,2048,200.155,0.017194
2,16,8,2048,2048,201.243,0.034202
2,16,16,2048,2048,204.397,0.067349
2,16,32,2048,2048,209.497,0.131419
2,16,64,2048,2048,217.487,0.253181
2,16,128,2048,2048,239.471,0.459878
2,16,256,2048,2048,301.131,0.731425
2,16,512,2048,2048,565.491,0.778985
2,16,1024,2048,2048,1173.221,0.750941
2,16,2048,2048,2048,2353.219,0.748778
2,16,4096,2048,2048,4597.442,0.76653
2,16,1,2048,4096,373.136,0.004612
2,16,2,2048,4096,384.807,0.008943
2,16,4,2048,4096,384.021,0.017923
2,16,8,2048,4096,387.585,0.035517
2,16,16,2048,4096,394.761,0.069743
2,16,32,2048,4096,402.84,0.136689
2,16,64,2048,4096,417.338,0.26388
2,16,128,2048,4096,435.046,0.50628
2,16,256,2048,4096,611.541,0.720328
2,16,512,2048,4096,1188.101,0.741536
2,16,1024,2048,4096,2384.083,0.739084
2,16,2048,2048,4096,4693.291,0.750875
2,16,4096,2048,4096,9381.242,0.751303
2,16,1,4096,128,28.816,0.003732
2,16,2,4096,128,36.917,0.005826
2,16,4,4096,128,37.283,0.011538
2,16,8,4096,128,37.588,0.022889
2,16,16,4096,128,38.28,0.044951
2,16,32,4096,128,40.825,0.084299
2,16,64,4096,128,46.817,0.147019
2,16,128,4096,128,57.105,0.241062
2,16,256,4096,128,88.985,0.309397
2,16,512,4096,128,169.981,0.323941
2,16,1024,4096,128,252.963,0.43535
2,16,2048,4096,128,454.127,0.485007
2,16,4096,4096,128,877.703,0.501889
2,16,1,4096,256,62.16,0.00346
2,16,2,4096,256,56.235,0.00765
2,16,4,4096,256,57.068,0.015076
2,16,8,4096,256,57.737,0.029803
2,16,16,4096,256,59.459,0.05788
2,16,32,4096,256,62.728,0.109727
2,16,64,4096,256,69.592,0.197808
2,16,128,4096,256,84.086,0.327424
2,16,256,4096,256,143.254,0.384379
2,16,512,4096,256,201.574,0.546336
2,16,1024,4096,256,348.451,0.632097
2,16,2048,4096,256,669.927,0.657548
2,16,4096,4096,256,1360.361,0.647636
2,16,1,4096,512,108.127,0.003979
2,16,2,4096,512,114.279,0.007529
2,16,4,4096,512,114.035,0.01509
2,16,8,4096,512,115.303,0.029847
2,16,16,4096,512,116.256,0.059205
2,16,32,4096,512,119.643,0.115058
2,16,64,4096,512,124.912,0.22041
2,16,128,4096,512,160.8,0.342435
2,16,256,4096,512,202.927,0.542694
2,16,512,4096,512,321.255,0.685607
2,16,1024,4096,512,636.994,0.691544
2,16,2048,4096,512,1295.801,0.679903
2,16,4096,4096,512,2577.508,0.683621
2,16,1,4096,1024,215.627,0.00399
2,16,2,4096,1024,195.375,0.008807
2,16,4,4096,1024,196.356,0.017527
2,16,8,4096,1024,196.339,0.035057
2,16,16,4096,1024,198.149,0.069472
2,16,32,4096,1024,203.251,0.135457
2,16,64,4096,1024,213.38,0.258055
2,16,128,4096,1024,255.873,0.430399
2,16,256,4096,1024,325.135,0.677425
2,16,512,4096,1024,626.698,0.702905
2,16,1024,4096,1024,1253.534,0.702828
2,16,2048,4096,1024,2505.62,0.703234
2,16,4096,4096,1024,4941.086,0.713219
2,16,1,4096,2048,379.645,0.004533
2,16,2,4096,2048,377.233,0.009123
2,16,4,4096,2048,377.696,0.018224
2,16,8,4096,2048,378.996,0.036322
2,16,16,4096,2048,382.587,0.071962
2,16,32,4096,2048,389.157,0.141495
2,16,64,4096,2048,400.609,0.2749
2,16,128,4096,2048,463.84,0.474851
2,16,256,4096,2048,643.239,0.68483
2,16,512,4096,2048,1304.812,0.675207
2,16,1024,4096,2048,2548.619,0.69137
2,16,2048,4096,2048,4958.823,0.710668
2,16,4096,4096,2048,9863.567,0.714564
2,16,1,4096,4096,733.441,0.004692
2,16,2,4096,4096,743.267,0.00926
2,16,4,4096,4096,744.099,0.0185
2,16,8,4096,4096,748.06,0.036804
2,16,16,4096,4096,753.808,0.073047
2,16,32,4096,4096,766.482,0.143679
2,16,64,4096,4096,784.746,0.28067
2,16,128,4096,4096,958.628,0.459521
2,16,256,4096,4096,1463.643,0.601936
2,16,512,4096,4096,2833.134,0.621939
2,16,1024,4096,4096,5662.438,0.62236
2,16,2048,4096,4096,11308.521,0.62326
2,16,4096,4096,4096,22582.986,0.6242
2,32,1,128,128,14.652,0.000459
2,32,2,128,128,14.37,0.000935
2,32,4,128,128,14.504,0.001854
2,32,8,128,128,14.458,0.003719
2,32,16,128,128,14.498,0.007418
2,32,32,128,128,14.502,0.014832
2,32,64,128,128,15.159,0.028378
2,32,128,128,128,14.923,0.057653
2,32,256,128,128,15.092,0.114016
2,32,512,128,128,18.745,0.183594
2,32,1024,128,128,31.959,0.215371
2,32,2048,128,128,68.106,0.202126
2,32,4096,128,128,117.394,0.234525
2,32,1,128,256,14.852,0.000905
2,32,2,128,256,15.186,0.001771
2,32,4,128,256,14.636,0.003674
2,32,8,128,256,14.702,0.007315
2,32,16,128,256,14.594,0.014738
2,32,32,128,256,14.659,0.029346
2,32,64,128,256,14.791,0.05817
2,32,128,128,256,15.227,0.113007
2,32,256,128,256,18.736,0.183682
2,32,512,128,256,27.813,0.247475
2,32,1024,128,256,60.031,0.229315
2,32,2048,128,256,100.449,0.274088
2,32,4096,128,256,176.811,0.311426
2,32,1,128,512,14.915,0.001803
2,32,2,128,512,15.012,0.003582
2,32,4,128,512,14.892,0.007222
2,32,8,128,512,14.932,0.014405
2,32,16,128,512,14.924,0.028825
2,32,32,128,512,14.966,0.057487
2,32,64,128,512,15.038,0.114427
2,32,128,128,512,18.807,0.182986
2,32,256,128,512,25.083,0.274411
2,32,512,128,512,52.782,0.260805
2,32,1024,128,512,89.071,0.3091
2,32,2048,128,512,158.192,0.348081
2,32,4096,128,512,299.165,0.368116
2,32,1,128,1024,14.219,0.003782
2,32,2,128,1024,15.989,0.006726
2,32,4,128,1024,16.364,0.013144
2,32,8,128,1024,16.449,0.026153
2,32,16,128,1024,16.29,0.052815
2,32,32,128,1024,17.09,0.100688
2,32,64,128,1024,18.19,0.189198
2,32,128,128,1024,36.789,0.187092
2,32,256,128,1024,61.446,0.224034
2,32,512,128,1024,110.475,0.249214
2,32,1024,128,1024,193.847,0.284058
2,32,2048,128,1024,372.296,0.295806
2,32,4096,128,1024,730.118,0.30167
2,32,1,128,2048,32.239,0.003336
2,32,2,128,2048,34.19,0.006291
2,32,4,128,2048,35.285,0.012192
2,32,8,128,2048,37.501,0.022943
2,32,16,128,2048,39.7,0.043344
2,32,32,128,2048,43.104,0.079841
2,32,64,128,2048,48.649,0.141481
2,32,128,128,2048,67.905,0.202723
2,32,256,128,2048,114.883,0.239651
2,32,512,128,2048,200.761,0.274275
2,32,1024,128,2048,381.972,0.288313
2,32,2048,128,2048,714.244,0.308375
2,32,4096,128,2048,1418.641,0.310515
2,32,1,128,4096,57.268,0.003756
2,32,2,128,4096,62.538,0.006879
2,32,4,128,4096,64.256,0.01339
2,32,8,128,4096,65.935,0.026098
2,32,16,128,4096,68.827,0.050002
2,32,32,128,4096,74.586,0.092283
2,32,64,128,4096,85.677,0.160672
2,32,128,128,4096,122.094,0.225497
2,32,256,128,4096,212.164,0.259534
2,32,512,128,4096,402.538,0.273582
2,32,1024,128,4096,752.374,0.292746
2,32,2048,128,4096,1462.856,0.30113
2,32,4096,128,4096,2773.695,0.317634
2,32,1,256,128,15.051,0.000893
2,32,2,256,128,14.854,0.00181
2,32,4,256,128,14.746,0.003647
2,32,8,256,128,15.008,0.007166
2,32,16,256,128,14.462,0.014873
2,32,32,256,128,14.726,0.029212
2,32,64,256,128,14.478,0.059426
2,32,128,256,128,15.114,0.113848
2,32,256,256,128,16.304,0.211079
2,32,512,256,128,21.764,0.316251
2,32,1024,256,128,55.358,0.248669
2,32,2048,256,128,93.654,0.293972
2,32,4096,256,128,167.033,0.329658
2,32,1,256,256,14.985,0.001794
2,32,2,256,256,14.743,0.003647
2,32,4,256,256,14.724,0.007304
2,32,8,256,256,14.782,0.014551
2,32,16,256,256,14.786,0.029094
2,32,32,256,256,14.651,0.058726
2,32,64,256,256,14.923,0.115304
2,32,128,256,256,15.814,0.217629
2,32,256,256,256,21.146,0.325494
2,32,512,256,256,46.094,0.298649
2,32,1024,256,256,72.391,0.380321
2,32,2048,256,256,125.027,0.440413
2,32,4096,256,256,229.272,0.480335
2,32,1,256,512,15.241,0.003528
2,32,2,256,512,15.711,0.006845
2,32,4,256,512,15.071,0.014272
2,32,8,256,512,15.192,0.028316
2,32,16,256,512,15.664,0.054927
2,32,32,256,512,15.042,0.114394
2,32,64,256,512,15.361,0.224033
2,32,128,256,512,26.688,0.257909
2,32,256,256,512,45.994,0.299301
2,32,512,256,512,67.241,0.40945
2,32,1024,256,512,109.322,0.503684
2,32,2048,256,512,195.117,0.564416
2,32,4096,256,512,376.467,0.585057
2,32,1,256,1024,29.754,0.003614
2,32,2,256,1024,29.822,0.007213
2,32,4,256,1024,30.796,0.013969
2,32,8,256,1024,32.715,0.026299
2,32,16,256,1024,35.245,0.048822
2,32,32,256,1024,39.483,0.087164
2,32,64,256,1024,44.394,0.155042
2,32,128,256,1024,56.139,0.24521
2,32,256,256,1024,82.171,0.335056
2,32,512,256,1024,150.706,0.365372
2,32,1024,256,1024,273.852,0.402142
2,32,2048,256,1024,524.91,0.419605
2,32,4096,256,1024,1063.716,0.414123
2,32,1,256,2048,62.6,0.003436
2,32,2,256,2048,60.692,0.007088
2,32,4,256,2048,61.031,0.014097
2,32,8,256,2048,62.78,0.027409
2,32,16,256,2048,64.692,0.053198
2,32,32,256,2048,67.986,0.10124
2,32,64,256,2048,75.249,0.182939
2,32,128,256,2048,95.823,0.287321
2,32,256,256,2048,155.893,0.353215
2,32,512,256,2048,280.421,0.392721
2,32,1024,256,2048,552.421,0.398708
2,32,2048,256,2048,1037.544,0.424569
2,32,4096,256,2048,2077.151,0.424148
2,32,1,256,4096,111.739,0.00385
2,32,2,256,4096,108.204,0.007951
2,32,4,256,4096,110.075,0.015632
2,32,8,256,4096,112.618,0.030559
2,32,16,256,4096,116.593,0.059034
2,32,32,256,4096,122.783,0.112116
2,32,64,256,4096,135.676,0.202924
2,32,128,256,4096,173.178,0.317961
2,32,256,256,4096,285.807,0.38532
2,32,512,256,4096,543.158,0.405508
2,32,1024,256,4096,1081.179,0.407435
2,32,2048,256,4096,2133.035,0.413035
2,32,4096,256,4096,4148.674,0.424723
2,32,1,512,128,14.301,0.00188
2,32,2,512,128,14.861,0.003618
2,32,4,512,128,14.861,0.007237
2,32,8,512,128,14.723,0.014609
2,32,16,512,128,14.741,0.029183
2,32,32,512,128,14.813,0.058083
2,32,64,512,128,15.4,0.111736
2,32,128,512,128,15.814,0.217622
2,32,256,512,128,24.544,0.280435
2,32,512,512,128,48.881,0.281623
2,32,1024,512,128,79.144,0.347871
2,32,2048,512,128,140.607,0.391613
2,32,4096,512,128,262.048,0.420257
2,32,1,512,256,15.75,0.003414
2,32,2,512,256,15.432,0.006969
2,32,4,512,256,15.335,0.014026
2,32,8,512,256,15.552,0.027662
2,32,16,512,256,15.41,0.055831
2,32,32,512,256,16.832,0.102229
2,32,64,512,256,19.877,0.173143
2,32,128,512,256,23.55,0.292272
2,32,256,512,256,43.242,0.318346
2,32,512,512,256,64.044,0.429888
2,32,1024,512,256,103.685,0.531068
2,32,2048,512,256,178.621,0.616541
2,32,4096,512,256,331.053,0.665315
2,32,1,512,512,30.867,0.003484
2,32,2,512,512,32.053,0.006711
2,32,4,512,512,34.06,0.01263
2,32,8,512,512,36.571,0.023526
2,32,16,512,512,38.283,0.044948
2,32,32,512,512,41.34,0.083248
2,32,64,512,512,44.878,0.15337
2,32,128,512,512,49.989,0.27538
2,32,256,512,512,64.268,0.428388
2,32,512,512,512,102.285,0.538337
2,32,1024,512,512,174.757,0.630173
2,32,2048,512,512,324.587,0.678569
2,32,4096,512,512,656.624,0.67087
2,32,1,512,1024,59.752,0.0036
2,32,2,512,1024,62.191,0.006917
2,32,4,512,1024,64.107,0.013421
2,32,8,512,1024,65.08,0.02644
2,32,16,512,1024,67.035,0.051338
2,32,32,512,1024,69.341,0.099262
2,32,64,512,1024,74.151,0.185647
2,32,128,512,1024,80.522,0.341916
2,32,256,512,1024,108.989,0.505221
2,32,512,512,1024,172.88,0.637017
2,32,1024,512,1024,325.771,0.676103
2,32,2048,512,1024,641.211,0.686996
2,32,4096,512,1024,1355.779,0.649825
2,32,1,512,2048,110.056,0.003909
2,32,2,512,2048,113.308,0.007593
2,32,4,512,2048,114.222,0.015065
2,32,8,512,2048,114.316,0.030105
2,32,16,512,2048,117.817,0.058421
2,32,32,512,2048,122.426,0.112443
2,32,64,512,2048,130.137,0.211561
2,32,128,512,2048,140.135,0.392932
2,32,256,512,2048,182.849,0.602286
2,32,512,512,2048,322.273,0.683442
2,32,1024,512,2048,626.185,0.703481
2,32,2048,512,2048,1352.502,0.651399
2,32,4096,512,2048,2674.047,0.65894
2,32,1,512,4096,201.449,0.004271
2,32,2,512,4096,209.128,0.008228
2,32,4,512,4096,211.496,0.016272
2,32,8,512,4096,213.154,0.032291
2,32,16,512,4096,217.387,0.063324
2,32,32,512,4096,226.556,0.121523
2,32,64,512,4096,239.937,0.229492
2,32,128,512,4096,260.355,0.42299
2,32,256,512,4096,337.873,0.651885
2,32,512,512,4096,640.101,0.688188
2,32,1024,512,4096,1351.597,0.651836
2,32,2048,512,4096,2713.716,0.649308
2,32,4096,512,4096,5310.053,0.663661
2,32,1,1024,128,15.313,0.003512
2,32,2,1024,128,16.802,0.006401
2,32,4,1024,128,16.781,0.012818
2,32,8,1024,128,16.763,0.025662
2,32,16,1024,128,16.705,0.051503
2,32,32,1024,128,17.283,0.09956
2,32,64,1024,128,18.452,0.186511
2,32,128,1024,128,38.082,0.18074
2,32,256,1024,128,60.218,0.228601
2,32,512,1024,128,84.453,0.326003
2,32,1024,1024,128,142.146,0.387374
2,32,2048,1024,128,258.331,0.426303
2,32,4096,1024,128,487.155,0.452124
2,32,1,1024,256,28.217,0.003811
2,32,2,1024,256,32.663,0.006585
2,32,4,1024,256,32.836,0.013101
2,32,8,1024,256,35.609,0.024161
2,32,16,1024,256,38.255,0.044981
2,32,32,1024,256,40.675,0.084609
2,32,64,1024,256,46.01,0.149597
2,32,128,1024,256,57.698,0.238588
2,32,256,1024,256,73.186,0.376191
2,32,512,1024,256,110.676,0.497521
2,32,1024,1024,256,179.728,0.612745
2,32,2048,1024,256,315.529,0.69805
2,32,4096,1024,256,599.274,0.735072
2,32,1,1024,512,63.542,0.003385
2,32,2,1024,512,61.07,0.007044
2,32,4,1024,512,61.684,0.013948
2,32,8,1024,512,63.885,0.026935
2,32,16,1024,512,65.531,0.052517
2,32,32,1024,512,68.421,0.100597
2,32,64,1024,512,74.023,0.185968
2,32,128,1024,512,81.984,0.335819
2,32,256,1024,512,107.972,0.509981
2,32,512,1024,512,173.044,0.636414
2,32,1024,1024,512,299.855,0.734538
2,32,2048,1024,512,591.011,0.745349
2,32,4096,1024,512,1259.742,0.699364
2,32,1,1024,1024,106.911,0.004024
2,32,2,1024,1024,110.677,0.007774
2,32,4,1024,1024,111.413,0.015445
2,32,8,1024,1024,111.905,0.030754
2,32,16,1024,1024,113.007,0.060907
2,32,32,1024,1024,118.206,0.116457
2,32,64,1024,1024,123.852,0.222297
2,32,128,1024,1024,136.479,0.403459
2,32,256,1024,1024,181.889,0.605465
2,32,512,1024,1024,290.965,0.756981
2,32,1024,1024,1024,569.796,0.773101
2,32,2048,1024,1024,1229.133,0.716781
2,32,4096,1024,1024,2473.533,0.712357
2,32,1,1024,2048,197.188,0.004363
2,32,2,1024,2048,204.536,0.008413
2,32,4,1024,2048,205.162,0.016774
2,32,8,1024,2048,206.433,0.033342
2,32,16,1024,2048,212.213,0.064869
2,32,32,1024,2048,217.412,0.126634
2,32,64,1024,2048,226.902,0.242676
2,32,128,1024,2048,245.617,0.44837
2,32,256,1024,2048,315.814,0.697419
2,32,512,1024,2048,575.128,0.765932
2,32,1024,1024,2048,1246.257,0.706932
2,32,2048,1024,2048,2476.119,0.711613
2,32,4096,1024,2048,4851.433,0.726399
2,32,1,1024,4096,380.467,0.004523
2,32,2,1024,4096,392.484,0.008768
2,32,4,1024,4096,390.045,0.017647
2,32,8,1024,4096,395.519,0.034805
2,32,16,1024,4096,403.801,0.068182
2,32,32,1024,4096,416.572,0.132183
2,32,64,1024,4096,433.497,0.254044
2,32,128,1024,4096,463.682,0.475012
2,32,256,1024,4096,589.33,0.747475
2,32,512,1024,4096,1246.427,0.706836
2,32,1024,1024,4096,2494.909,0.706253
2,32,2048,1024,4096,4869.802,0.723659
2,32,4096,1024,4096,9769.48,0.721446
2,32,1,2048,128,28.643,0.003755
2,32,2,2048,128,29.758,0.007228
2,32,4,2048,128,33.078,0.013005
2,32,8,2048,128,35.086,0.024522
2,32,16,2048,128,37.611,0.045751
2,32,32,2048,128,41.571,0.082786
2,32,64,2048,128,48.235,0.142696
2,32,128,2048,128,64.476,0.213506
2,32,256,2048,128,98.778,0.278724
2,32,512,2048,128,151.722,0.362924
2,32,1024,2048,128,260.529,0.422707
2,32,2048,2048,128,482.415,0.456567
2,32,4096,2048,128,928.437,0.474464
2,32,1,2048,256,57.488,0.003742
2,32,2,2048,256,61.869,0.006953
2,32,4,2048,256,62.452,0.013777
2,32,8,2048,256,63.082,0.027278
2,32,16,2048,256,64.6,0.053273
2,32,32,2048,256,68.417,0.100603
2,32,64,2048,256,77.799,0.176943
2,32,128,2048,256,88.369,0.311554
2,32,256,2048,256,146.474,0.375929
2,32,512,2048,256,197.288,0.558206
2,32,1024,2048,256,315.504,0.698104
2,32,2048,2048,256,620.412,0.710028
2,32,4096,2048,256,1220.642,0.721767
2,32,1,2048,512,115.424,0.003727
2,32,2,2048,512,107.809,0.00798
2,32,4,2048,512,108.374,0.015878
2,32,8,2048,512,109.02,0.031568
2,32,16,2048,512,110.758,0.062144
2,32,32,2048,512,116.277,0.118389
2,32,64,2048,512,125.335,0.219666
2,32,128,2048,512,163.915,0.335928
2,32,256,2048,512,196.171,0.561383
2,32,512,2048,512,298.235,0.738529
2,32,1024,2048,512,566.602,0.777458
2,32,2048,2048,512,1179.862,0.746713
2,32,4096,2048,512,2388.482,0.737723
2,32,1,2048,1024,195.356,0.004404
2,32,2,2048,1024,200.006,0.008603
2,32,4,2048,1024,200.842,0.017135
2,32,8,2048,1024,201.929,0.034086
2,32,16,2048,1024,205.29,0.067056
2,32,32,2048,1024,211.773,0.130007
2,32,64,2048,1024,221.821,0.248234
2,32,128,2048,1024,249.412,0.441548
2,32,256,2048,1024,314.447,0.700452
2,32,512,2048,1024,575.457,0.765496
2,32,1024,2048,1024,1172.423,0.751451
2,32,2048,2048,1024,2360.968,0.74632
2,32,4096,2048,1024,4671.476,0.754382
2,32,1,2048,2048,372.863,0.004615
2,32,2,2048,2048,383.448,0.008975
2,32,4,2048,2048,386.298,0.017818
2,32,8,2048,2048,388.325,0.035449
2,32,16,2048,2048,395.215,0.069663
2,32,32,2048,2048,406.197,0.135559
2,32,64,2048,2048,423.517,0.260031
2,32,128,2048,2048,444.605,0.495395
2,32,256,2048,2048,601.671,0.732143
2,32,512,2048,2048,1182.89,0.744802
2,32,1024,2048,2048,2396.618,0.735218
2,32,2048,2048,2048,4690.421,0.751335
2,32,4096,2048,2048,9231.298,0.763506
2,32,1,2048,4096,729.959,0.004715
2,32,2,2048,4096,748.47,0.009196
2,32,4,2048,4096,750.188,0.01835
2,32,8,2048,4096,758.15,0.036314
2,32,16,2048,4096,773.6,0.071179
2,32,32,2048,4096,795.971,0.138356
2,32,64,2048,4096,827.693,0.266107
2,32,128,2048,4096,857.238,0.513871
2,32,256,2048,4096,1224.813,0.719309
2,32,512,2048,4096,2427.153,0.725969
2,32,1024,2048,4096,4800.294,0.734137
2,32,2048,2048,4096,9487.222,0.74291
2,32,4096,2048,4096,18849.899,0.747818
2,32,1,4096,128,57.781,0.003723
2,32,2,4096,128,57.797,0.007443
2,32,4,4096,128,58.853,0.014619
2,32,8,4096,128,59.991,0.028684
2,32,16,4096,128,62.796,0.054804
2,32,32,4096,128,69.216,0.099441
2,32,64,4096,128,81.523,0.16886
2,32,128,4096,128,117.163,0.234987
2,32,256,4096,128,183.009,0.300879
2,32,512,4096,128,269.431,0.408741
2,32,1024,4096,128,469.539,0.469087
2,32,2048,4096,128,894.482,0.492474
2,32,4096,4096,128,1735.273,0.507712
2,32,1,4096,256,112.51,0.003824
2,32,2,4096,256,113.007,0.007613
2,32,4,4096,256,113.702,0.015134
2,32,8,4096,256,115.024,0.02992
2,32,16,4096,256,117.389,0.058634
2,32,32,4096,256,122.118,0.112726
2,32,64,4096,256,135.292,0.203499
2,32,128,4096,256,179.879,0.306116
2,32,256,4096,256,229.922,0.478977
2,32,512,4096,256,356.616,0.617625
2,32,1024,4096,256,715.278,0.615857
2,32,2048,4096,256,1378.762,0.638993
2,32,4096,4096,256,2711.228,0.649904
2,32,1,4096,512,195.769,0.004395
2,32,2,4096,512,197.061,0.008732
2,32,4,4096,512,196.411,0.017522
2,32,8,4096,512,199.24,0.034546
2,32,16,4096,512,203.152,0.067762
2,32,32,4096,512,209.921,0.131154
2,32,64,4096,512,224.89,0.244847
2,32,128,4096,512,271.838,0.405121
2,32,256,4096,512,350.98,0.627542
2,32,512,4096,512,648.638,0.67913
2,32,1024,4096,512,1329.47,0.662684
2,32,2048,4096,512,2601.812,0.677235
2,32,4096,4096,512,5154.297,0.683716
2,32,1,4096,1024,380.255,0.004525
2,32,2,4096,1024,376.137,0.00915
2,32,4,4096,1024,378.203,0.018199
2,32,8,4096,1024,380.56,0.036173
2,32,16,4096,1024,384.826,0.071544
2,32,32,4096,1024,395.001,0.139402
2,32,64,4096,1024,411.186,0.267828
2,32,128,4096,1024,474.928,0.463765
2,32,256,4096,1024,647.973,0.679827
2,32,512,4096,1024,1289.199,0.683385
2,32,1024,4096,1024,2550.733,0.690797
2,32,2048,4096,1024,5002.911,0.704405
2,32,4096,4096,1024,9998.24,0.704939
2,32,1,4096,2048,731.684,0.004704
2,32,2,4096,2048,741.484,0.009283
2,32,4,4096,2048,743.06,0.018526
2,32,8,4096,2048,746.307,0.036891
2,32,16,4096,2048,754.305,0.072999
2,32,32,4096,2048,770.3,0.142967
2,32,64,4096,2048,794.144,0.277348
2,32,128,4096,2048,922.604,0.477463
2,32,256,4096,2048,1325.041,0.664899
2,32,512,4096,2048,2627.39,0.670642
2,32,1024,4096,2048,5103.111,0.690574
2,32,2048,4096,2048,9934.996,0.709427
2,32,4096,4096,2048,19757.157,0.713478
2,32,1,4096,4096,1452.298,0.004739
2,32,2,4096,4096,1475.937,0.009327
2,32,4,4096,4096,1478.448,0.018622
2,32,8,4096,4096,1486.442,0.037044
2,32,16,4096,4096,1500.067,0.073415
2,32,32,4096,4096,1523.436,0.144578
2,32,64,4096,4096,1562.673,0.281895
2,32,128,4096,4096,1938.307,0.45453
2,32,256,4096,4096,3052.984,0.577153
2,32,512,4096,4096,5803.163,0.607268
2,32,1024,4096,4096,11444.306,0.615865
2,32,2048,4096,4096,22511.818,0.626173
2,32,4096,4096,4096,45693.512,0.616994
4,8,1,128,128,15.033,0.000224
4,8,2,128,128,15.354,0.000438
4,8,4,128,128,14.881,0.000903
4,8,8,128,128,14.514,0.001852
4,8,16,128,128,14.562,0.003693
4,8,32,128,128,14.454,0.007441
4,8,64,128,128,14.583,0.01475
4,8,128,128,128,14.496,0.029675
4,8,256,128,128,14.253,0.060363
4,8,512,128,128,15.199,0.113211
4,8,1024,128,128,18.493,0.186101
4,8,2048,128,128,30.473,0.225874
4,8,4096,128,128,66.352,0.207469
4,8,1,128,256,14.786,0.000455
4,8,2,128,256,14.488,0.000928
4,8,4,128,256,14.574,0.001845
4,8,8,128,256,14.397,0.003735
4,8,16,128,256,15.253,0.007051
4,8,32,128,256,14.899,0.014437
4,8,64,128,256,14.913,0.028846
4,8,128,128,256,15.249,0.05642
4,8,256,128,256,15.539,0.11074
4,8,512,128,256,18.509,0.185937
4,8,1024,128,256,27.003,0.2549
4,8,2048,128,256,56.339,0.24434
4,8,4096,128,256,97.058,0.283663
4,8,1,128,512,14.882,0.000903
4,8,2,128,512,14.494,0.001855
4,8,4,128,512,14.474,0.003715
4,8,8,128,512,14.455,0.00744
4,8,16,128,512,14.513,0.014821
4,8,32,128,512,14.86,0.02895
4,8,64,128,512,15.363,0.056002
4,8,128,128,512,20.181,0.085265
4,8,256,128,512,17.444,0.197287
4,8,512,128,512,25.553,0.269362
4,8,1024,128,512,45.792,0.300619
4,8,2048,128,512,87.19,0.315768
4,8,4096,128,512,156.566,0.351696
4,8,1,128,1024,14.928,0.001801
4,8,2,128,1024,14.67,0.003666
4,8,4,128,1024,14.822,0.007256
4,8,8,128,1024,14.831,0.014502
4,8,16,128,1024,14.858,0.028954
4,8,32,128,1024,14.99,0.057398
4,8,64,128,1024,19.529,0.088113
4,8,128,128,1024,32.653,0.105394
4,8,256,128,1024,30.3,0.227164
4,8,512,128,1024,54.966,0.250443
4,8,1024,128,1024,105.567,0.260799
4,8,2048,128,1024,191.527,0.287499
4,8,4096,128,1024,371.42,0.296504
4,8,1,128,2048,17.786,0.003023
4,8,2,128,2048,17.059,0.006304
4,8,4,128,2048,17.323,0.012416
4,8,8,128,2048,17.479,0.024612
4,8,16,128,2048,18.124,0.047472
4,8,32,128,2048,19.955,0.086229
4,8,64,128,2048,35.331,0.097408
4,8,128,128,2048,63.365,0.108623
4,8,256,128,2048,59.761,0.230348
4,8,512,128,2048,106.901,0.257546
4,8,1024,128,2048,193.84,0.284068
4,8,2048,128,2048,360.572,0.305424
4,8,4096,128,2048,702.586,0.313491
4,8,1,128,4096,34.756,0.003094
4,8,2,128,4096,35.774,0.006013
4,8,4,128,4096,36.816,0.011685
4,8,8,128,4096,37.524,0.022929
4,8,16,128,4096,38.702,0.044461
4,8,32,128,4096,39.475,0.087181
4,8,64,128,4096,65.995,0.104296
4,8,128,128,4096,123.624,0.111353
4,8,256,128,4096,113.401,0.242783
4,8,512,128,4096,199.783,0.275618
4,8,1024,128,4096,382.27,0.288088
4,8,2048,128,4096,736.274,0.299148
4,8,4096,128,4096,1407.002,0.313084
4,8,1,256,128,13.983,0.000481
4,8,2,256,128,15.981,0.000841
4,8,4,256,128,15.161,0.001773
4,8,8,256,128,14.665,0.003667
4,8,16,256,128,14.662,0.007335
4,8,32,256,128,14.581,0.014751
4,8,64,256,128,15.009,0.028662
4,8,128,256,128,15.995,0.053789
4,8,256,256,128,14.46,0.119003
4,8,512,256,128,16.459,0.2091
4,8,1024,256,128,21.843,0.315108
4,8,2048,256,128,54.175,0.2541
4,8,4096,256,128,91.354,0.301375
4,8,1,256,256,15.14,0.000888
4,8,2,256,256,15.201,0.001769
4,8,4,256,256,15.454,0.00348
4,8,8,256,256,15.055,0.007143
4,8,16,256,256,15.167,0.014182
4,8,32,256,256,15.125,0.028443
4,8,64,256,256,15.352,0.056044
4,8,128,256,256,18.723,0.091907
4,8,256,256,256,17.044,0.201919
4,8,512,256,256,20.809,0.330774
4,8,1024,256,256,39.025,0.352744
4,8,2048,256,256,69.321,0.397163
4,8,4096,256,256,121.163,0.454458
4,8,1,256,512,14.879,0.001807
4,8,2,256,512,15.31,0.003512
4,8,4,256,512,15.118,0.007114
4,8,8,256,512,15.362,0.014002
4,8,16,256,512,16.402,0.026227
4,8,32,256,512,15.527,0.055413
4,8,64,256,512,18.547,0.092778
4,8,128,256,512,31.649,0.10874
4,8,256,256,512,20.576,0.334522
4,8,512,256,512,34.81,0.395456
4,8,1024,256,512,61.8,0.445499
4,8,2048,256,512,103.113,0.534013
4,8,4096,256,512,192.589,0.571827
4,8,1,256,1024,15.146,0.00355
4,8,2,256,1024,15.011,0.007164
4,8,4,256,1024,15.009,0.014331
4,8,8,256,1024,15.032,0.028617
4,8,16,256,1024,15.028,0.057251
4,8,32,256,1024,14.961,0.115014
4,8,64,256,1024,15.279,0.225245
4,8,128,256,1024,24.314,0.283087
4,8,256,256,1024,49.362,0.278879
4,8,512,256,1024,76.511,0.359841
4,8,1024,256,1024,144.019,0.382335
4,8,2048,256,1024,266.037,0.413955
4,8,4096,256,1024,518.72,0.424612
4,8,1,256,2048,28.886,0.003723
4,8,2,256,2048,29.384,0.00732
4,8,4,256,2048,29.968,0.014355
4,8,8,256,2048,31.684,0.027155
4,8,16,256,2048,34.581,0.049759
4,8,32,256,2048,38.452,0.089502
4,8,64,256,2048,43.075,0.159791
4,8,128,256,2048,54.104,0.254435
4,8,256,256,2048,79.188,0.347678
4,8,512,256,2048,145.432,0.378622
4,8,1024,256,2048,272.331,0.404388
4,8,2048,256,2048,508.28,0.433333
4,8,4096,256,2048,1036.778,0.424883
4,8,1,256,4096,60.269,0.003569
4,8,2,256,4096,60.425,0.007119
4,8,4,256,4096,61.971,0.013884
4,8,8,256,4096,62.956,0.027332
4,8,16,256,4096,64.904,0.053024
4,8,32,256,4096,68.039,0.101162
4,8,64,256,4096,74.318,0.18523
4,8,128,256,4096,95.812,0.287353
4,8,256,256,4096,152.792,0.360383
4,8,512,256,4096,277.288,0.397159
4,8,1024,256,4096,546.617,0.402941
4,8,2048,256,4096,1070.03,0.411679
4,8,4096,256,4096,2056.102,0.42849
4,8,1,512,128,14.431,0.000932
4,8,2,512,128,15.985,0.001682
4,8,4,512,128,14.903,0.003608
4,8,8,512,128,14.661,0.007336
4,8,16,512,128,14.677,0.014655
4,8,32,512,128,14.896,0.028879
4,8,64,512,128,14.749,0.058336
4,8,128,512,128,14.576,0.118056
4,8,256,512,128,14.515,0.237101
4,8,512,512,128,23.751,0.289794
4,8,1024,512,128,46.38,0.296805
4,8,2048,512,128,75.622,0.36407
4,8,4096,512,128,137.589,0.400205
4,8,1,512,256,14.703,0.001829
4,8,2,512,256,14.852,0.003621
4,8,4,512,256,14.899,0.007218
4,8,8,512,256,14.771,0.014562
4,8,16,512,256,14.883,0.028905
4,8,32,512,256,15.0,0.057356
4,8,64,512,256,17.083,0.100731
4,8,128,512,256,15.251,0.225658
4,8,256,512,256,23.452,0.29349
4,8,512,512,256,37.565,0.366454
4,8,1024,512,256,60.12,0.457952
4,8,2048,512,256,99.149,0.555363
4,8,4096,512,256,176.761,0.623029
4,8,1,512,512,15.595,0.003448
4,8,2,512,512,14.934,0.007201
4,8,4,512,512,15.078,0.014265
4,8,8,512,512,15.035,0.028612
4,8,16,512,512,15.028,0.057251
4,8,32,512,512,17.601,0.097765
4,8,64,512,512,20.287,0.169641
4,8,128,512,512,23.35,0.294779
4,8,256,512,512,37.223,0.36982
4,8,512,512,512,54.779,0.502595
4,8,1024,512,512,91.378,0.602592
4,8,2048,512,512,163.775,0.67243
4,8,4096,512,512,315.29,0.698579
4,8,1,512,1024,28.751,0.003741
4,8,2,512,1024,31.316,0.006869
4,8,4,512,1024,31.548,0.013636
4,8,8,512,1024,32.668,0.026337
4,8,16,512,1024,34.368,0.050068
4,8,32,512,1024,37.683,0.091327
4,8,64,512,1024,42.307,0.162692
4,8,128,512,1024,46.269,0.297521
4,8,256,512,1024,57.816,0.476201
4,8,512,512,1024,90.516,0.608332
4,8,1024,512,1024,160.879,0.684535
4,8,2048,512,1024,308.573,0.713785
4,8,4096,512,1024,633.353,0.69552
4,8,1,512,2048,59.869,0.003593
4,8,2,512,2048,62.943,0.006835
4,8,4,512,2048,63.614,0.013525
4,8,8,512,2048,64.516,0.026672
4,8,16,512,2048,65.696,0.052385
4,8,32,512,2048,68.42,0.100599
4,8,64,512,2048,72.12,0.190875
4,8,128,512,2048,76.504,0.359874
4,8,256,512,2048,102.831,0.53548
4,8,512,512,2048,173.035,0.636444
4,8,1024,512,2048,324.187,0.679407
4,8,2048,512,2048,633.12,0.695775
4,8,4096,512,2048,1330.069,0.662386
4,8,1,512,4096,108.32,0.003971
4,8,2,512,4096,113.199,0.007601
4,8,4,512,4096,112.801,0.015255
4,8,8,512,4096,115.212,0.029871
4,8,16,512,4096,117.92,0.05837
4,8,32,512,4096,121.35,0.11344
4,8,64,512,4096,128.375,0.214465
4,8,128,512,4096,137.507,0.400443
4,8,256,512,4096,179.131,0.614787
4,8,512,512,4096,321.724,0.684608
4,8,1024,512,4096,632.016,0.696991
4,8,2048,512,4096,1335.384,0.65975
4,8,4096,512,4096,2661.68,0.662002
4,8,1,1024,128,14.448,0.001861
4,8,2,1024,128,14.925,0.003603
4,8,4,1024,128,14.939,0.007199
4,8,8,1024,128,14.9,0.014436
4,8,16,1024,128,15.099,0.028491
4,8,32,1024,128,14.973,0.057461
4,8,64,1024,128,15.276,0.112642
4,8,128,1024,128,15.391,0.223609
4,8,256,1024,128,23.521,0.292624
4,8,512,1024,128,54.4,0.25305
4,8,1024,1024,128,80.463,0.342168
4,8,2048,1024,128,135.639,0.405958
4,8,4096,1024,128,252.725,0.43576
4,8,1,1024,256,14.761,0.003643
4,8,2,1024,256,15.268,0.007044
4,8,4,1024,256,15.226,0.014127
4,8,8,1024,256,15.214,0.028276
4,8,16,1024,256,15.193,0.056628
4,8,32,1024,256,15.698,0.109616
4,8,64,1024,256,16.982,0.202656
4,8,128,1024,256,22.043,0.312255
4,8,256,1024,256,46.948,0.293219
4,8,512,1024,256,63.327,0.434753
4,8,1024,1024,256,101.106,0.544612
4,8,2048,1024,256,173.821,0.633569
4,8,4096,1024,256,308.604,0.713713
4,8,1,1024,512,30.945,0.003475
4,8,2,1024,512,31.934,0.006736
4,8,4,1024,512,31.99,0.013447
4,8,8,1024,512,33.511,0.025674
4,8,16,1024,512,37.218,0.046234
4,8,32,1024,512,40.209,0.08559
4,8,64,1024,512,44.713,0.153937
4,8,128,1024,512,52.585,0.261783
4,8,256,1024,512,63.396,0.434284
4,8,512,1024,512,94.187,0.584622
4,8,1024,1024,512,164.414,0.669818
4,8,2048,1024,512,290.743,0.757559
4,8,4096,1024,512,597.322,0.737475
4,8,1,1024,1024,62.091,0.003464
4,8,2,1024,1024,60.653,0.007093
4,8,4,1024,1024,61.536,0.013982
4,8,8,1024,1024,61.527,0.027967
4,8,16,1024,1024,62.945,0.054675
4,8,32,1024,1024,65.064,0.105787
4,8,64,1024,1024,68.799,0.20009
4,8,128,1024,1024,76.511,0.359843
4,8,256,1024,1024,99.363,0.554165
4,8,512,1024,1024,159.296,0.691338
4,8,1024,1024,1024,287.783,0.76535
4,8,2048,1024,1024,593.902,0.741721
4,8,4096,1024,1024,1223.048,0.720347
4,8,1,1024,2048,105.445,0.00408
4,8,2,1024,2048,110.184,0.007809
4,8,4,1024,2048,110.607,0.015557
4,8,8,1024,2048,111.141,0.030965
4,8,16,1024,2048,113.651,0.060562
4,8,32,1024,2048,115.923,0.118751
4,8,64,1024,2048,119.972,0.229486
4,8,128,1024,2048,129.387,0.425573
4,8,256,1024,2048,175.863,0.626212
4,8,512,1024,2048,288.634,0.763094
4,8,1024,1024,2048,573.422,0.768212
4,8,2048,1024,2048,1234.788,0.713498
4,8,4096,1024,2048,2436.8,0.723095
4,8,1,1024,4096,198.01,0.004345
4,8,2,1024,4096,205.188,0.008386
4,8,4,1024,4096,204.13,0.016859
4,8,8,1024,4096,206.454,0.033339
4,8,16,1024,4096,211.148,0.065195
4,8,32,1024,4096,215.474,0.127773
4,8,64,1024,4096,226.846,0.242736
4,8,128,1024,4096,240.271,0.458346
4,8,256,1024,4096,307.916,0.715308
4,8,512,1024,4096,555.212,0.793408
4,8,1024,1024,4096,1231.672,0.715303
4,8,2048,1024,4096,2445.637,0.720482
4,8,4096,1024,4096,4858.43,0.725353
4,8,1,2048,128,17.216,0.003123
4,8,2,2048,128,15.789,0.006812
4,8,4,2048,128,15.817,0.013599
4,8,8,2048,128,15.807,0.027215
4,8,16,2048,128,15.905,0.054095
4,8,32,2048,128,15.939,0.107956
4,8,64,2048,128,17.43,0.19744
4,8,128,2048,128,33.878,0.203167
4,8,256,2048,128,52.201,0.263712
4,8,512,2048,128,93.413,0.294734
4,8,1024,2048,128,143.157,0.384638
4,8,2048,2048,128,246.009,0.447657
4,8,4096,2048,128,470.967,0.467665
4,8,1,2048,256,28.034,0.003836
4,8,2,2048,256,28.419,0.007569
4,8,4,2048,256,29.253,0.014705
4,8,8,2048,256,31.628,0.027203
4,8,16,2048,256,34.045,0.050543
4,8,32,2048,256,37.195,0.092524
4,8,64,2048,256,41.508,0.165823
4,8,128,2048,256,61.002,0.225664
4,8,256,2048,256,66.765,0.412369
4,8,512,2048,256,130.182,0.422976
4,8,1024,2048,256,185.05,0.595122
4,8,2048,2048,256,305.098,0.721916
4,8,4096,2048,256,599.801,0.734426
4,8,1,2048,512,63.475,0.003389
4,8,2,2048,512,63.446,0.00678
4,8,4,2048,512,63.897,0.013465
4,8,8,2048,512,64.497,0.026679
4,8,16,2048,512,65.832,0.052276
4,8,32,2048,512,68.058,0.101134
4,8,64,2048,512,74.498,0.184782
4,8,128,2048,512,77.742,0.354142
4,8,256,2048,512,130.592,0.421646
4,8,512,2048,512,179.195,0.614568
4,8,1024,2048,512,284.829,0.773287
4,8,2048,2048,512,572.51,0.769435
4,8,4096,2048,512,1185.804,0.742972
4,8,1,2048,1024,114.966,0.003742
4,8,2,2048,1024,107.112,0.008032
4,8,4,2048,1024,107.742,0.015971
4,8,8,2048,1024,106.983,0.032168
4,8,16,2048,1024,109.027,0.063131
4,8,32,2048,1024,112.402,0.12247
4,8,64,2048,1024,119.162,0.231046
4,8,128,2048,1024,155.693,0.353669
4,8,256,2048,1024,182.165,0.604546
4,8,512,2048,1024,286.944,0.767588
4,8,1024,2048,1024,567.414,0.776345
4,8,2048,2048,1024,1164.411,0.756622
4,8,4096,2048,1024,2354.111,0.748494
4,8,1,2048,2048,195.838,0.004393
4,8,2,2048,2048,199.684,0.008617
4,8,4,2048,2048,200.216,0.017189
4,8,8,2048,2048,200.858,0.034268
4,8,16,2048,2048,203.954,0.067495
4,8,32,2048,2048,209.104,0.131666
4,8,64,2048,2048,217.116,0.253614
4,8,128,2048,2048,239.512,0.459798
4,8,256,2048,2048,301.885,0.729597
4,8,512,2048,2048,566.383,0.777759
4,8,1024,2048,2048,1178.63,0.747494
4,8,2048,2048,2048,2357.248,0.747498
4,8,4096,2048,2048,4633.095,0.760631
4,8,1,2048,4096,372.582,0.004618
4,8,2,2048,4096,384.299,0.008955
4,8,4,2048,4096,384.507,0.017901
4,8,8,2048,4096,387.907,0.035488
4,8,16,2048,4096,394.178,0.069846
4,8,32,2048,4096,403.847,0.136348
4,8,64,2048,4096,416.689,0.264291
4,8,128,2048,4096,435.417,0.505848
4,8,256,2048,4096,613.269,0.718298
4,8,512,2048,4096,1196.235,0.736493
4,8,1024,2048,4096,2413.972,0.729933
4,8,2048,2048,4096,4731.371,0.744832
4,8,4096,2048,4096,9464.744,0.744674
4,8,1,4096,128,28.98,0.003711
4,8,2,4096,128,37.507,0.005735
4,8,4,4096,128,37.781,0.011386
4,8,8,4096,128,37.78,0.022773
4,8,16,4096,128,38.595,0.044585
4,8,32,4096,128,41.379,0.083169
4,8,64,4096,128,47.303,0.145507
4,8,128,4096,128,57.281,0.240321
4,8,256,4096,128,89.631,0.30717
4,8,512,4096,128,165.794,0.332121
4,8,1024,4096,128,253.866,0.433801
4,8,2048,4096,128,453.332,0.485858
4,8,4096,4096,128,878.089,0.501668
4,8,1,4096,256,63.061,0.003411
4,8,2,4096,256,56.794,0.007575
4,8,4,4096,256,56.961,0.015105
4,8,8,4096,256,58.097,0.029618
4,8,16,4096,256,59.894,0.057459
4,8,32,4096,256,63.022,0.109215
4,8,64,4096,256,70.635,0.194888
4,8,128,4096,256,84.368,0.326331
4,8,256,4096,256,143.998,0.382391
4,8,512,4096,256,203.143,0.542118
4,8,1024,4096,256,351.317,0.626941
4,8,2048,4096,256,680.739,0.647105
4,8,4096,4096,256,1347.246,0.653941
4,8,1,4096,512,108.905,0.00395
4,8,2,4096,512,115.072,0.007477
4,8,4,4096,512,115.391,0.014912
4,8,8,4096,512,116.773,0.029472
4,8,16,4096,512,116.704,0.058978
4,8,32,4096,512,118.291,0.116373
4,8,64,4096,512,124.971,0.220306
4,8,128,4096,512,162.736,0.338361
4,8,256,4096,512,201.4,0.54681
4,8,512,4096,512,322.388,0.683198
4,8,1024,4096,512,637.934,0.690525
4,8,2048,4096,512,1308.828,0.673136
4,8,4096,4096,512,2593.148,0.679498
4,8,1,4096,1024,216.431,0.003975
4,8,2,4096,1024,194.904,0.008829
4,8,4,4096,1024,194.661,0.017679
4,8,8,4096,1024,197.255,0.034894
4,8,16,4096,1024,198.349,0.069403
4,8,32,4096,1024,203.736,0.135135
4,8,64,4096,1024,212.123,0.259584
4,8,128,4096,1024,254.93,0.431991
4,8,256,4096,1024,326.668,0.674245
4,8,512,4096,1024,605.977,0.726941
4,8,1024,4096,1024,1270.453,0.693468
4,8,2048,4096,1024,2543.054,0.692883
4,8,4096,4096,1024,4988.271,0.706472
4,8,1,4096,2048,379.675,0.004532
4,8,2,4096,2048,377.458,0.009118
4,8,4,4096,2048,377.397,0.018238
4,8,8,4096,2048,378.769,0.036344
4,8,16,4096,2048,382.916,0.0719
4,8,32,4096,2048,388.98,0.141559
4,8,64,4096,2048,400.154,0.275213
4,8,128,4096,2048,463.743,0.47495
4,8,256,4096,2048,647.986,0.679813
4,8,512,4096,2048,1308.075,0.673523
4,8,1024,4096,2048,2577.503,0.683622
4,8,2048,4096,2048,5005.177,0.704086
4,8,4096,4096,2048,10014.039,0.703827
4,8,1,4096,4096,732.96,0.004695
4,8,2,4096,4096,742.805,0.009266
4,8,4,4096,4096,744.833,0.018482
4,8,8,4096,4096,746.602,0.036876
4,8,16,4096,4096,753.67,0.073061
4,8,32,4096,4096,764.434,0.144064
4,8,64,4096,4096,785.694,0.280331
4,8,128,4096,4096,959.997,0.458866
4,8,256,4096,4096,1422.17,0.619489
4,8,512,4096,4096,2889.31,0.609847
4,8,1024,4096,4096,5702.309,0.618009
4,8,2048,4096,4096,11369.78,0.619902
4,8,4096,4096,4096,22652.052,0.622297
4,16,1,128,128,14.678,0.000458
4,16,2,128,128,14.533,0.000925
4,16,4,128,128,14.512,0.001853
4,16,8,128,128,14.452,0.003721
4,16,16,128,128,14.463,0.007436
4,16,32,128,128,14.515,0.014818
4,16,64,128,128,15.525,0.027709
4,16,128,128,128,15.054,0.057151
4,16,256,128,128,15.132,0.113716
4,16,512,128,128,20.032,0.171798
4,16,1024,128,128,33.37,0.20626
4,16,2048,128,128,69.658,0.197621
4,16,4096,128,128,119.035,0.231292
4,16,1,128,256,15.369,0.000875
4,16,2,128,256,14.694,0.00183
4,16,4,128,256,14.682,0.003663
4,16,8,128,256,14.828,0.007253
4,16,16,128,256,14.81,0.014523
4,16,32,128,256,14.817,0.029033
4,16,64,128,256,14.93,0.057626
4,16,128,128,256,15.267,0.112707
4,16,256,128,256,18.066,0.190497
4,16,512,128,256,26.891,0.255956
4,16,1024,128,256,58.893,0.233745
4,16,2048,128,256,101.907,0.270168
4,16,4096,128,256,178.912,0.30777
4,16,1,128,512,14.922,0.001802
4,16,2,128,512,14.873,0.003616
4,16,4,128,512,14.949,0.007194
4,16,8,128,512,14.964,0.014374
4,16,16,128,512,14.94,0.028794
4,16,32,128,512,14.969,0.057475
4,16,64,128,512,15.139,0.113662
4,16,128,128,512,18.717,0.183868
4,16,256,128,512,25.573,0.269151
4,16,512,128,512,53.159,0.258956
4,16,1024,128,512,90.236,0.305109
4,16,2048,128,512,160.956,0.342103
4,16,4096,128,512,300.407,0.366594
4,16,1,128,1024,14.277,0.003766
4,16,2,128,1024,16.118,0.006672
4,16,4,128,1024,16.426,0.013095
4,16,8,128,1024,16.442,0.026163
4,16,16,128,1024,16.648,0.051681
4,16,32,128,1024,17.302,0.099456
4,16,64,128,1024,18.387,0.187169
4,16,128,128,1024,36.93,0.18638
4,16,256,128,1024,61.822,0.222672
4,16,512,128,1024,110.184,0.249871
4,16,1024,128,1024,193.974,0.283871
4,16,2048,128,1024,370.968,0.296865
4,16,4096,128,1024,728.096,0.302508
4,16,1,128,2048,32.258,0.003334
4,16,2,128,2048,33.951,0.006335
4,16,4,128,2048,35.279,0.012194
4,16,8,128,2048,37.257,0.023093
4,16,16,128,2048,39.48,0.043585
4,16,32,128,2048,43.16,0.079737
4,16,64,128,2048,48.622,0.141562
4,16,128,128,2048,67.633,0.203538
4,16,256,128,2048,114.577,0.24029
4,16,512,128,2048,200.519,0.274606
4,16,1024,128,2048,382.108,0.28821
4,16,2048,128,2048,715.502,0.307833
4,16,4096,128,2048,1425.236,0.309078
4,16,1,128,4096,57.362,0.00375
4,16,2,128,4096,62.81,0.006849
4,16,4,128,4096,64.436,0.013352
4,16,8,128,4096,66.222,0.025984
4,16,16,128,4096,69.227,0.049713
4,16,32,128,4096,74.84,0.09197
4,16,64,128,4096,85.881,0.16029
4,16,128,128,4096,121.638,0.226343
4,16,256,128,4096,212.298,0.259369
4,16,512,128,4096,393.715,0.279713
4,16,1024,128,4096,752.056,0.29287
4,16,2048,128,4096,1479.536,0.297735
4,16,4096,128,4096,2824.556,0.311914
4,16,1,256,128,13.975,0.000962
4,16,2,256,128,14.415,0.001865
4,16,4,256,128,14.464,0.003718
4,16,8,256,128,14.955,0.007191
4,16,16,256,128,14.757,0.014575
4,16,32,256,128,14.828,0.029011
4,16,64,256,128,15.057,0.057141
4,16,128,256,128,15.456,0.111329
4,16,256,256,128,16.72,0.205826
4,16,512,256,128,22.299,0.308665
4,16,1024,256,128,55.278,0.249031
4,16,2048,256,128,93.781,0.293575
4,16,4096,256,128,167.226,0.329277
4,16,1,256,256,15.137,0.001776
4,16,2,256,256,14.807,0.003632
4,16,4,256,256,14.761,0.007286
4,16,8,256,256,14.848,0.014486
4,16,16,256,256,14.838,0.028993
4,16,32,256,256,15.117,0.056914
4,16,64,256,256,16.346,0.105269
4,16,128,256,256,16.377,0.210135
4,16,256,256,256,21.483,0.320397
4,16,512,256,256,46.414,0.296589
4,16,1024,256,256,72.311,0.380744
4,16,2048,256,256,124.833,0.441098
4,16,4096,256,256,229.498,0.479861
4,16,1,256,512,15.988,0.003363
4,16,2,256,512,15.405,0.006981
4,16,4,256,512,15.302,0.014056
4,16,8,256,512,15.374,0.027982
4,16,16,256,512,15.395,0.055886
4,16,32,256,512,15.453,0.111356
4,16,64,256,512,15.818,0.217573
4,16,128,256,512,26.717,0.257624
4,16,256,256,512,45.307,0.303838
4,16,512,256,512,67.277,0.409229
4,16,1024,256,512,109.428,0.503195
4,16,2048,256,512,195.517,0.563263
4,16,4096,256,512,382.651,0.575602
4,16,1,256,1024,30.248,0.003555
4,16,2,256,1024,30.122,0.007141
4,16,4,256,1024,31.153,0.013809
4,16,8,256,1024,32.908,0.026145
4,16,16,256,1024,35.722,0.048171
4,16,32,256,1024,39.783,0.086506
4,16,64,256,1024,44.943,0.15315
4,16,128,256,1024,56.421,0.243986
4,16,256,256,1024,82.724,0.332815
4,16,512,256,1024,151.749,0.362861
4,16,1024,256,1024,276.634,0.398097
4,16,2048,256,1024,530.693,0.415032
4,16,4096,256,1024,1067.902,0.4125
4,16,1,256,2048,62.57,0.003438
4,16,2,256,2048,60.523,0.007108
4,16,4,256,2048,60.881,0.014132
4,16,8,256,2048,62.721,0.027435
4,16,16,256,2048,64.798,0.053111
4,16,32,256,2048,68.106,0.101062
4,16,64,256,2048,75.417,0.18253
4,16,128,256,2048,95.396,0.288605
4,16,256,256,2048,155.29,0.354586
4,16,512,256,2048,276.844,0.397796
4,16,1024,256,2048,544.735,0.404333
4,16,2048,256,2048,1044.633,0.421688
4,16,4096,256,2048,2090.847,0.421369
4,16,1,256,4096,112.563,0.003822
4,16,2,256,4096,108.126,0.007957
4,16,4,256,4096,109.186,0.01576
4,16,8,256,4096,112.654,0.030549
4,16,16,256,4096,118.889,0.057894
4,16,32,256,4096,122.586,0.112296
4,16,64,256,4096,136.209,0.202129
4,16,128,256,4096,173.809,0.316805
4,16,256,256,4096,284.092,0.387647
4,16,512,256,4096,538.54,0.408985
4,16,1024,256,4096,1087.452,0.405084
4,16,2048,256,4096,2144.805,0.410769
4,16,4096,256,4096,4161.754,0.423388
4,16,1,512,128,14.257,0.001886
4,16,2,512,128,15.012,0.003582
4,16,4,512,128,14.854,0.00724
4,16,8,512,128,14.853,0.014482
4,16,16,512,128,14.765,0.029135
4,16,32,512,128,14.876,0.057836
4,16,64,512,128,14.811,0.116176
4,16,128,512,128,15.944,0.215848
4,16,256,512,128,24.544,0.280439
4,16,512,512,128,49.401,0.278659
4,16,1024,512,128,79.422,0.346651
4,16,2048,512,128,140.564,0.391735
4,16,4096,512,128,262.192,0.420025
4,16,1,512,256,16.62,0.003235
4,16,2,512,256,16.129,0.006668
4,16,4,512,256,15.206,0.014146
4,16,8,512,256,15.218,0.028268
4,16,16,512,256,15.298,0.05624
4,16,32,512,256,16.687,0.10312
4,16,64,512,256,20.079,0.171394
4,16,128,512,256,23.714,0.290244
4,16,256,512,256,43.285,0.318033
4,16,512,512,256,64.235,0.428611
4,16,1024,512,256,103.523,0.531898
4,16,2048,512,256,178.519,0.616896
4,16,4096,512,256,331.679,0.664061
4,16,1,512,512,31.39,0.003426
4,16,2,512,512,33.318,0.006456
4,16,4,512,512,33.889,0.012694
4,16,8,512,512,36.191,0.023773
4,16,16,512,512,38.036,0.04524
4,16,32,512,512,41.176,0.083579
4,16,64,512,512,44.867,0.153409
4,16,128,512,512,49.948,0.275603
4,16,256,512,512,63.953,0.430501
4,16,512,512,512,101.538,0.542298
4,16,1024,512,512,170.363,0.646428
4,16,2048,512,512,319.858,0.688601
4,16,4096,512,512,669.863,0.657611
4,16,1,512,1024,60.917,0.003531
4,16,2,512,1024,63.667,0.006757
4,16,4,512,1024,64.101,0.013422
4,16,8,512,1024,65.41,0.026307
4,16,16,512,1024,67.625,0.05089
4,16,32,512,1024,69.489,0.099051
4,16,64,512,1024,74.184,0.185565
4,16,128,512,1024,79.254,0.347386
4,16,256,512,1024,107.333,0.51302
4,16,512,512,1024,174.465,0.631227
4,16,1024,512,1024,329.398,0.668658
4,16,2048,512,1024,648.113,0.67968
4,16,4096,512,1024,1365.185,0.645348
4,16,1,512,2048,110.311,0.0039
4,16,2,512,2048,113.591,0.007574
4,16,4,512,2048,113.829,0.015117
4,16,8,512,2048,114.337,0.030099
4,16,16,512,2048,117.975,0.058343
4,16,32,512,2048,122.071,0.11277
4,16,64,512,2048,130.285,0.21132
4,16,128,512,2048,139.805,0.393861
4,16,256,512,2048,183.288,0.600844
4,16,512,512,2048,324.203,0.679374
4,16,1024,512,2048,635.436,0.69324
4,16,2048,512,2048,1362.475,0.646631
4,16,4096,512,2048,2670.757,0.659752
4,16,1,512,4096,201.057,0.004279
4,16,2,512,4096,209.965,0.008195
4,16,4,512,4096,212.273,0.016213
4,16,8,512,4096,212.437,0.0324
4,16,16,512,4096,218.395,0.063032
4,16,32,512,4096,225.965,0.121841
4,16,64,512,4096,239.807,0.229617
4,16,128,512,4096,260.798,0.42227
4,16,256,512,4096,338.394,0.650883
4,16,512,512,4096,644.094,0.683921
4,16,1024,512,4096,1382.036,0.637479
4,16,2048,512,4096,2715.485,0.648885
4,16,4096,512,4096,5309.851,0.663686
4,16,1,1024,128,14.893,0.003611
4,16,2,1024,128,16.767,0.006414
4,16,4,1024,128,16.724,0.012861
4,16,8,1024,128,16.785,0.02563
4,16,16,1024,128,16.704,0.051507
4,16,32,1024,128,17.239,0.099818
4,16,64,1024,128,19.212,0.179128
4,16,128,1024,128,38.541,0.17859
4,16,256,1024,128,60.997,0.225683
4,16,512,1024,128,85.22,0.323068
4,16,1024,1024,128,143.304,0.384243
4,16,2048,1024,128,256.862,0.428741
4,16,4096,1024,128,486.955,0.45231
4,16,1,1024,256,28.156,0.00382
4,16,2,1024,256,32.038,0.006714
4,16,4,1024,256,32.665,0.01317
4,16,8,1024,256,35.78,0.024046
4,16,16,1024,256,38.023,0.045255
4,16,32,1024,256,40.686,0.084587
4,16,64,1024,256,46.143,0.149167
4,16,128,1024,256,57.874,0.237858
4,16,256,1024,256,72.697,0.378719
4,16,512,1024,256,110.886,0.496579
4,16,1024,1024,256,180.153,0.6113
4,16,2048,1024,256,315.988,0.697035
4,16,4096,1024,256,614.738,0.716581
4,16,1,1024,512,62.948,0.003417
4,16,2,1024,512,60.399,0.007122
4,16,4,1024,512,61.44,0.014003
4,16,8,1024,512,62.858,0.027375
4,16,16,1024,512,64.831,0.053084
4,16,32,1024,512,67.022,0.102698
4,16,64,1024,512,72.631,0.189533
4,16,128,1024,512,83.049,0.331514
4,16,256,1024,512,108.982,0.505255
4,16,512,1024,512,175.667,0.626909
4,16,1024,1024,512,296.416,0.74306
4,16,2048,1024,512,594.785,0.74062
4,16,4096,1024,512,1250.622,0.704465
4,16,1,1024,1024,106.415,0.004043
4,16,2,1024,1024,111.136,0.007742
4,16,4,1024,1024,110.459,0.015578
4,16,8,1024,1024,112.015,0.030723
4,16,16,1024,1024,113.977,0.060389
4,16,32,1024,1024,118.565,0.116104
4,16,64,1024,1024,122.852,0.224106
4,16,128,1024,1024,136.046,0.404742
4,16,256,1024,1024,181.903,0.605417
4,16,512,1024,1024,291.611,0.755303
4,16,1024,1024,1024,577.883,0.762281
4,16,2048,1024,1024,1263.451,0.697311
4,16,4096,1024,1024,2501.622,0.704358
4,16,1,1024,2048,197.088,0.004365
4,16,2,1024,2048,204.502,0.008414
4,16,4,1024,2048,205.895,0.016715
4,16,8,1024,2048,207.051,0.033243
4,16,16,1024,2048,210.426,0.065419
4,16,32,1024,2048,217.986,0.126301
4,16,64,1024,2048,226.312,0.243309
4,16,128,1024,2048,245.849,0.447947
4,16,256,1024,2048,317.11,0.69457
4,16,512,1024,2048,564.791,0.779951
4,16,1024,1024,2048,1253.6,0.702791
4,16,2048,1024,2048,2476.408,0.71153
4,16,4096,1024,2048,4898.319,0.719446
4,16,1,1024,4096,380.762,0.004519
4,16,2,1024,4096,390.391,0.008815
4,16,4,1024,4096,391.718,0.017571
4,16,8,1024,4096,395.208,0.034832
4,16,16,1024,4096,404.318,0.068095
4,16,32,1024,4096,416.352,0.132253
4,16,64,1024,4096,433.627,0.253968
4,16,128,1024,4096,463.627,0.475068
4,16,256,1024,4096,591.185,0.74513
4,16,512,1024,4096,1259.626,0.699429
4,16,1024,1024,4096,2489.778,0.707709
4,16,2048,1024,4096,4907.031,0.718169
4,16,4096,1024,4096,9763.157,0.721913
4,16,1,2048,128,28.747,0.003741
4,16,2,2048,128,29.637,0.007258
4,16,4,2048,128,33.024,0.013026
4,16,8,2048,128,34.918,0.02464
4,16,16,2048,128,37.445,0.045953
4,16,32,2048,128,41.199,0.083533
4,16,64,2048,128,47.958,0.14352
4,16,128,2048,128,65.244,0.21099
4,16,256,2048,128,101.181,0.272104
4,16,512,2048,128,152.945,0.360022
4,16,1024,2048,128,260.541,0.422687
4,16,2048,2048,128,482.852,0.456154
4,16,4096,2048,128,928.498,0.474432
4,16,1,2048,256,57.806,0.003721
4,16,2,2048,256,62.22,0.006914
4,16,4,2048,256,62.782,0.013704
4,16,8,2048,256,63.965,0.026901
4,16,16,2048,256,65.586,0.052473
4,16,32,2048,256,69.701,0.098749
4,16,64,2048,256,78.603,0.175132
4,16,128,2048,256,89.123,0.308918
4,16,256,2048,256,146.755,0.375208
4,16,512,2048,256,199.138,0.55302
4,16,1024,2048,256,317.448,0.69383
4,16,2048,2048,256,611.653,0.720195
4,16,4096,2048,256,1236.573,0.712468
4,16,1,2048,512,115.899,0.003712
4,16,2,2048,512,107.952,0.00797
4,16,4,2048,512,108.036,0.015928
4,16,8,2048,512,109.744,0.031359
4,16,16,2048,512,111.972,0.06147
4,16,32,2048,512,116.868,0.117791
4,16,64,2048,512,126.36,0.217884
4,16,128,2048,512,162.939,0.337941
4,16,256,2048,512,198.652,0.554373
4,16,512,2048,512,303.41,0.725931
4,16,1024,2048,512,578.061,0.762046
4,16,2048,2048,512,1188.367,0.741369
4,16,4096,2048,512,2390.026,0.737246
4,16,1,2048,1024,196.08,0.004388
4,16,2,2048,1024,200.086,0.0086
4,16,4,2048,1024,199.961,0.017211
4,16,8,2048,1024,202.197,0.034041
4,16,16,2048,1024,206.673,0.066607
4,16,32,2048,1024,211.47,0.130193
4,16,64,2048,1024,222.831,0.24711
4,16,128,2048,1024,249.267,0.441804
4,16,256,2048,1024,314.827,0.699605
4,16,512,2048,1024,572.88,0.768938
4,16,1024,2048,1024,1182.692,0.744926
4,16,2048,2048,1024,2388.246,0.737796
4,16,4096,2048,1024,4689.961,0.751408
4,16,1,2048,2048,373.734,0.004604
4,16,2,2048,2048,384.11,0.00896
4,16,4,2048,2048,385.072,0.017874
4,16,8,2048,2048,388.359,0.035446
4,16,16,2048,2048,394.747,0.069746
4,16,32,2048,2048,405.394,0.135828
4,16,64,2048,2048,422.882,0.260421
4,16,128,2048,2048,444.774,0.495206
4,16,256,2048,2048,599.798,0.734429
4,16,512,2048,2048,1169.644,0.753237
4,16,1024,2048,2048,2410.573,0.730962
4,16,2048,2048,2048,4696.346,0.750387
4,16,4096,2048,2048,9331.996,0.755267
4,16,1,2048,4096,730.009,0.004714
4,16,2,2048,4096,748.689,0.009193
4,16,4,2048,4096,750.483,0.018343
4,16,8,2048,4096,757.812,0.036331
4,16,16,2048,4096,773.643,0.071175
4,16,32,2048,4096,794.953,0.138533
4,16,64,2048,4096,823.541,0.267448
4,16,128,2048,4096,855.737,0.514772
4,16,256,2048,4096,1212.336,0.726712
4,16,512,2048,4096,2428.683,0.725512
4,16,1024,2048,4096,4763.409,0.739822
4,16,2048,2048,4096,9448.898,0.745923
4,16,4096,2048,4096,18935.081,0.744454
4,16,1,4096,128,57.746,0.003725
4,16,2,4096,128,57.642,0.007463
4,16,4,4096,128,58.05,0.014821
4,16,8,4096,128,59.924,0.028715
4,16,16,4096,128,63.231,0.054427
4,16,32,4096,128,69.796,0.098615
4,16,64,4096,128,81.582,0.168736
4,16,128,4096,128,118.724,0.231897
4,16,256,4096,128,184.199,0.298936
4,16,512,4096,128,270.793,0.406685
4,16,1024,4096,128,469.878,0.468748
4,16,2048,4096,128,895.931,0.491678
4,16,4096,4096,128,1738.228,0.506849
4,16,1,4096,256,112.242,0.003833
4,16,2,4096,256,112.643,0.007638
4,16,4,4096,256,113.431,0.01517
4,16,8,4096,256,113.551,0.030308
4,16,16,4096,256,116.46,0.059102
4,16,32,4096,256,122.036,0.112802
4,16,64,4096,256,134.574,0.204585
4,16,128,4096,256,178.746,0.308056
4,16,256,4096,256,229.412,0.480042
4,16,512,4096,256,354.904,0.620604
4,16,1024,4096,256,706.929,0.623131
4,16,2048,4096,256,1359.438,0.648076
4,16,4096,4096,256,2703.838,0.65168
4,16,1,4096,512,195.662,0.004397
4,16,2,4096,512,195.619,0.008796
4,16,4,4096,512,196.751,0.017492
4,16,8,4096,512,199.261,0.034542
4,16,16,4096,512,202.204,0.068079
4,16,32,4096,512,210.061,0.131066
4,16,64,4096,512,224.848,0.244893
4,16,128,4096,512,271.14,0.406164
4,16,256,4096,512,349.367,0.63044
4,16,512,4096,512,651.691,0.675948
4,16,1024,4096,512,1319.223,0.667832
4,16,2048,4096,512,2599.17,0.677923
4,16,4096,4096,512,5160.436,0.682903
4,16,1,4096,1024,379.675,0.004532
4,16,2,4096,1024,376.66,0.009137
4,16,4,4096,1024,377.769,0.01822
4,16,8,4096,1024,380.471,0.036181
4,16,16,4096,1024,384.967,0.071517
4,16,32,4096,1024,394.432,0.139603
4,16,64,4096,1024,412.119,0.267223
4,16,128,4096,1024,475.231,0.463468
4,16,256,4096,1024,660.308,0.667127
4,16,512,4096,1024,1319.377,0.667754
4,16,1024,4096,1024,2566.316,0.686602
4,16,2048,4096,1024,5013.519,0.702915
4,16,4096,4096,1024,9941.522,0.708961
4,16,1,4096,2048,732.14,0.004701
4,16,2,4096,2048,741.165,0.009287
4,16,4,4096,2048,742.978,0.018528
4,16,8,4096,2048,746.427,0.036885
4,16,16,4096,2048,754.795,0.072952
4,16,32,4096,2048,769.293,0.143154
4,16,64,4096,2048,795.069,0.277026
4,16,128,4096,2048,923.907,0.47679
4,16,256,4096,2048,1331.727,0.661561
4,16,512,4096,2048,2626.963,0.670751
4,16,1024,4096,2048,5075.24,0.694366
4,16,2048,4096,2048,9935.104,0.709419
4,16,4096,4096,2048,19847.356,0.710236
4,16,1,4096,4096,1453.062,0.004737
4,16,2,4096,4096,1475.808,0.009328
4,16,4,4096,4096,1476.858,0.018642
4,16,8,4096,4096,1484.894,0.037083
4,16,16,4096,4096,1500.353,0.073401
4,16,32,4096,4096,1522.888,0.14463
4,16,64,4096,4096,1563.687,0.281712
4,16,128,4096,4096,1925.512,0.45755
4,16,256,4096,4096,3044.993,0.578667
4,16,512,4096,4096,5768.388,0.610929
4,16,1024,4096,4096,11587.954,0.608231
4,16,2048,4096,4096,22555.669,0.624956
4,16,4096,4096,4096,45575.281,0.618594
4,32,1,128,128,14.63,0.000919
4,32,2,128,128,15.115,0.001779
4,32,4,128,128,14.898,0.003609
4,32,8,128,128,14.933,0.007202
4,32,16,128,128,14.867,0.014468
4,32,32,128,128,14.488,0.029692
4,32,64,128,128,14.939,0.057593
4,32,128,128,128,15.386,0.111838
4,32,256,128,128,20.551,0.16746
4,32,512,128,128,38.195,0.180205
4,32,1024,128,128,68.968,0.1996
4,32,2048,128,128,117.555,0.234205
4,32,4096,128,128,215.107,0.255983
4,32,1,128,256,14.959,0.001797
4,32,2,128,256,14.945,0.003598
4,32,4,128,256,14.782,0.007276
4,32,8,128,256,14.843,0.014491
4,32,16,128,256,14.867,0.028936
4,32,32,128,256,14.877,0.057831
4,32,64,128,256,14.844,0.115924
4,32,128,128,256,17.568,0.195897
4,32,256,128,256,37.666,0.182736
4,32,512,128,256,62.349,0.220787
4,32,1024,128,256,108.857,0.252917
4,32,2048,128,256,197.504,0.278798
4,32,4096,128,256,368.428,0.298911
4,32,1,128,512,18.132,0.002966
4,32,2,128,512,16.423,0.006548
4,32,4,128,512,16.527,0.013015
4,32,8,128,512,16.774,0.025646
4,32,16,128,512,17.521,0.049104
4,32,32,128,512,18.904,0.091025
4,32,64,128,512,18.482,0.186205
4,32,128,128,512,33.638,0.204621
4,32,256,128,512,59.924,0.229724
4,32,512,128,512,101.276,0.271851
4,32,1024,128,512,180.212,0.30555
4,32,2048,128,512,341.69,0.322302
4,32,4096,128,512,670.696,0.328397
4,32,1,128,1024,33.206,0.003239
4,32,2,128,1024,35.621,0.006038
4,32,4,128,1024,36.348,0.011835
4,32,8,128,1024,37.184,0.023138
4,32,16,128,1024,38.372,0.044843
4,32,32,128,1024,40.94,0.084061
4,32,64,128,1024,50.183,0.137156
4,32,128,128,1024,69.199,0.198932
4,32,256,128,1024,106.559,0.258371
4,32,512,128,1024,181.033,0.304164
4,32,1024,128,1024,333.799,0.329921
4,32,2048,128,1024,641.123,0.343545
4,32,4096,128,1024,1304.576,0.337665
4,32,1,128,2048,58.974,0.003647
4,32,2,128,2048,63.404,0.006785
4,32,4,128,2048,64.418,0.013356
4,32,8,128,2048,66.051,0.026052
4,32,16,128,2048,69.165,0.049758
4,32,32,128,2048,74.852,0.091954
4,32,64,128,2048,87.111,0.158027
4,32,128,128,2048,119.188,0.230996
4,32,256,128,2048,197.661,0.278576
4,32,512,128,2048,341.843,0.322158
4,32,1024,128,2048,647.43,0.340199
4,32,2048,128,2048,1273.578,0.345883
4,32,4096,128,2048,2572.097,0.342529
4,32,1,128,4096,107.707,0.003994
4,32,2,128,4096,117.787,0.007304
4,32,4,128,4096,118.456,0.014526
4,32,8,128,4096,123.28,0.027916
4,32,16,128,4096,130.945,0.052564
4,32,32,128,4096,140.256,0.098149
4,32,64,128,4096,160.008,0.172066
4,32,128,128,4096,217.237,0.253473
4,32,256,128,4096,375.184,0.293529
4,32,512,128,4096,676.356,0.325649
4,32,1024,128,4096,1301.041,0.338582
4,32,2048,128,4096,2567.746,0.34311
4,32,4096,128,4096,5115.715,0.344436
4,32,1,256,128,14.296,0.001881
4,32,2,256,128,15.147,0.00355
4,32,4,256,128,15.134,0.007106
4,32,8,256,128,15.132,0.014214
4,32,16,256,128,15.145,0.028404
4,32,32,256,128,15.704,0.054788
4,32,64,256,128,15.321,0.112311
4,32,128,256,128,17.288,0.199066
4,32,256,256,128,25.018,0.275124
4,32,512,256,128,59.25,0.232338
4,32,1024,256,128,98.834,0.278567
4,32,2048,256,128,172.813,0.318631
4,32,4096,256,128,322.317,0.341674
4,32,1,256,256,15.253,0.003525
4,32,2,256,256,17.236,0.00624
4,32,4,256,256,17.446,0.012329
4,32,8,256,256,17.452,0.024649
4,32,16,256,256,17.879,0.048121
4,32,32,256,256,19.125,0.089971
4,32,64,256,256,17.545,0.196147
4,32,128,256,256,25.213,0.272987
4,32,256,256,256,52.228,0.263573
4,32,512,256,256,86.283,0.319088
4,32,1024,256,256,142.802,0.385595
4,32,2048,256,256,261.147,0.421706
4,32,4096,256,256,482.92,0.456089
4,32,1,256,512,31.99,0.003362
4,32,2,256,512,35.486,0.006061
4,32,4,256,512,36.17,0.011893
4,32,8,256,512,37.168,0.023148
4,32,16,256,512,38.744,0.044413
4,32,32,256,512,41.124,0.083686
4,32,64,256,512,45.803,0.150273
4,32,128,256,512,58.413,0.235666
4,32,256,256,512,86.101,0.319762
4,32,512,256,512,135.215,0.407232
4,32,1024,256,512,238.64,0.46148
4,32,2048,256,512,461.248,0.477519
4,32,4096,256,512,941.983,0.46764
4,32,1,256,1024,61.95,0.003472
4,32,2,256,1024,62.61,0.006871
4,32,4,256,1024,63.666,0.013514
4,32,8,256,1024,65.013,0.026468
4,32,16,256,1024,67.338,0.051107
4,32,32,256,1024,70.152,0.098116
4,32,64,256,1024,78.345,0.17571
4,32,128,256,1024,100.227,0.274695
4,32,256,256,1024,142.523,0.386351
4,32,512,256,1024,243.57,0.452138
4,32,1024,256,1024,450.037,0.489415
4,32,2048,256,1024,902.164,0.488281
4,32,4096,256,1024,1832.857,0.480681
4,32,1,256,2048,114.127,0.003769
4,32,2,256,2048,113.115,0.007606
4,32,4,256,2048,115.431,0.014907
4,32,8,256,2048,118.215,0.029112
4,32,16,256,2048,121.726,0.056545
4,32,32,256,2048,128.998,0.106714
4,32,64,256,2048,138.16,0.199275
4,32,128,256,2048,174.408,0.315717
4,32,256,256,2048,252.719,0.435769
4,32,512,256,2048,449.747,0.48973
4,32,1024,256,2048,893.699,0.492906
4,32,2048,256,2048,1794.62,0.490922
4,32,4096,256,2048,3599.418,0.489534
4,32,1,256,4096,207.472,0.004147
4,32,2,256,4096,215.682,0.007978
4,32,4,256,4096,214.822,0.01602
4,32,8,256,4096,222.016,0.031002
4,32,16,256,4096,231.841,0.059377
4,32,32,256,4096,245.861,0.111981
4,32,64,256,4096,257.368,0.213949
4,32,128,256,4096,320.86,0.343225
4,32,256,256,4096,480.917,0.457989
4,32,512,256,4096,908.632,0.484805
4,32,1024,256,4096,1830.545,0.481288
4,32,2048,256,4096,3621.942,0.48649
4,32,4096,256,4096,7182.992,0.490614
4,32,1,512,128,15.879,0.003387
4,32,2,512,128,16.071,0.006692
4,32,4,512,128,16.128,0.013336
4,32,8,512,128,16.179,0.026589
4,32,16,512,128,16.401,0.052458
4,32,32,512,128,16.528,0.104112
4,32,64,512,128,17.174,0.200389
4,32,128,512,128,41.815,0.164604
4,32,256,512,128,55.546,0.247829
4,32,512,512,128,87.186,0.315784
4,32,1024,512,128,146.912,0.374808
4,32,2048,512,128,268.341,0.410401
4,32,4096,512,128,511.097,0.430945
4,32,1,512,256,30.181,0.003563
4,32,2,512,256,33.392,0.006442
4,32,4,512,256,34.465,0.012482
4,32,8,512,256,36.884,0.023326
4,32,16,512,256,39.015,0.044105
4,32,32,512,256,42.2,0.081551
4,32,64,512,256,47.045,0.146307
4,32,128,512,256,54.507,0.252552
4,32,256,512,256,77.497,0.355265
4,32,512,512,256,115.215,0.477921
4,32,1024,512,256,192.737,0.571385
4,32,2048,512,256,343.032,0.642083
4,32,4096,512,256,672.603,0.654932
4,32,1,512,512,60.426,0.00356
4,32,2,512,512,65.618,0.006556
4,32,4,512,512,66.498,0.012938
4,32,8,512,512,65.814,0.026146
4,32,16,512,512,65.497,0.052544
4,32,32,512,512,68.221,0.100892
4,32,64,512,512,74.289,0.185303
4,32,128,512,512,88.793,0.310066
4,32,256,512,512,117.982,0.466713
4,32,512,512,512,199.556,0.551862
4,32,1024,512,512,371.487,0.592901
4,32,2048,512,512,721.881,0.610225
4,32,4096,512,512,1374.278,0.641078
4,32,1,512,1024,108.073,0.003981
4,32,2,512,1024,110.886,0.007759
4,32,4,512,1024,111.85,0.015384
4,32,8,512,1024,113.9,0.030215
4,32,16,512,1024,115.22,0.059737
4,32,32,512,1024,120.043,0.114675
4,32,64,512,1024,127.959,0.215162
4,32,128,512,1024,146.659,0.375454
4,32,256,512,1024,194.913,0.565006
4,32,512,512,1024,321.102,0.685935
4,32,1024,512,1024,650.54,0.677144
4,32,2048,512,1024,1361.589,0.647052
4,32,4096,512,1024,2734.011,0.644488
4,32,1,512,2048,201.302,0.004274
4,32,2,512,2048,202.85,0.008483
4,32,4,512,2048,203.692,0.016896
4,32,8,512,2048,207.196,0.03322
4,32,16,512,2048,210.457,0.06541
4,32,32,512,2048,219.459,0.125453
4,32,64,512,2048,236.335,0.23299
4,32,128,512,2048,265.854,0.414241
4,32,256,512,2048,347.581,0.63368
4,32,512,512,2048,631.521,0.697537
4,32,1024,512,2048,1371.565,0.642346
4,32,2048,512,2048,2695.923,0.653594
4,32,4096,512,2048,5339.365,0.660018
4,32,1,512,4096,379.717,0.004532
4,32,2,512,4096,381.863,0.009012
4,32,4,512,4096,383.233,0.01796
4,32,8,512,4096,389.935,0.035303
4,32,16,512,4096,402.612,0.068383
4,32,32,512,4096,421.017,0.130787
4,32,64,512,4096,450.565,0.244421
4,32,128,512,4096,506.769,0.434625
4,32,256,512,4096,663.462,0.663956
4,32,512,512,4096,1384.759,0.636226
4,32,1024,512,4096,2752.139,0.640243
4,32,2048,512,4096,5351.666,0.658501
4,32,4096,512,4096,10600.322,0.6649
4,32,1,1024,128,30.74,0.003499
4,32,2,1024,128,31.444,0.006841
4,32,4,1024,128,34.012,0.012648
4,32,8,1024,128,35.674,0.024117
4,32,16,1024,128,37.791,0.045533
4,32,32,1024,128,41.381,0.083166
4,32,64,1024,128,48.707,0.141314
4,32,128,1024,128,63.157,0.217965
4,32,256,1024,128,96.161,0.28631
4,32,512,1024,128,156.524,0.351791
4,32,1024,1024,128,270.102,0.407726
4,32,2048,1024,128,500.451,0.440113
4,32,4096,1024,128,965.63,0.456189
4,32,1,1024,256,61.197,0.003515
4,32,2,1024,256,63.579,0.006766
4,32,4,1024,256,64.217,0.013398
4,32,8,1024,256,66.053,0.026051
4,32,16,1024,256,67.804,0.050756
4,32,32,1024,256,71.384,0.096421
4,32,64,1024,256,78.242,0.175939
4,32,128,1024,256,92.53,0.297544
4,32,256,1024,256,146.954,0.374701
4,32,512,1024,256,202.353,0.544234
4,32,1024,1024,256,331.981,0.663455
4,32,2048,1024,256,621.461,0.708828
4,32,4096,1024,256,1354.2,0.650583
4,32,1,1024,512,107.851,0.003989
4,32,2,1024,512,108.002,0.007966
4,32,4,1024,512,109.506,0.015714
4,32,8,1024,512,111.017,0.031
4,32,16,1024,512,113.858,0.060452
4,32,32,1024,512,116.737,0.117923
4,32,64,1024,512,126.116,0.218306
4,32,128,1024,512,153.215,0.359389
4,32,256,1024,512,201.075,0.547692
4,32,512,1024,512,311.534,0.707001
4,32,1024,1024,512,594.439,0.741051
4,32,2048,1024,512,1259.878,0.699289
4,32,4096,1024,512,2551.458,0.6906
4,32,1,1024,1024,198.728,0.004329
4,32,2,1024,1024,195.379,0.008807
4,32,4,1024,1024,196.525,0.017512
4,32,8,1024,1024,199.343,0.034528
4,32,16,1024,1024,204.421,0.067341
4,32,32,1024,1024,212.436,0.1296
4,32,64,1024,1024,226.219,0.243409
4,32,128,1024,1024,259.234,0.424818
4,32,256,1024,1024,333.671,0.660095
4,32,512,1024,1024,572.035,0.770074
4,32,1024,1024,1024,1255.913,0.701497
4,32,2048,1024,1024,2504.803,0.703464
4,32,4096,1024,1024,4968.872,0.709231
4,32,1,1024,2048,380.152,0.004526
4,32,2,1024,2048,375.717,0.00916
4,32,4,1024,2048,378.889,0.018166
4,32,8,1024,2048,383.687,0.035878
4,32,16,1024,2048,391.782,0.070273
4,32,32,1024,2048,406.788,0.135362
4,32,64,1024,2048,428.164,0.257208
4,32,128,1024,2048,475.76,0.462953
4,32,256,1024,2048,602.839,0.730725
4,32,512,1024,2048,1271.78,0.692745
4,32,1024,1024,2048,2492.218,0.707016
4,32,2048,1024,2048,4905.947,0.718327
4,32,4096,1024,2048,9749.037,0.722959
4,32,1,1024,4096,739.454,0.004654
4,32,2,1024,4096,737.964,0.009327
4,32,4,1024,4096,739.429,0.018617
4,32,8,1024,4096,749.111,0.036753
4,32,16,1024,4096,766.066,0.071879
4,32,32,1024,4096,793.166,0.138845
4,32,64,1024,4096,834.637,0.263893
4,32,128,1024,4096,916.43,0.48068
4,32,256,1024,4096,1237.273,0.712065
4,32,512,1024,4096,2571.807,0.685136
4,32,1024,1024,4096,4951.507,0.711718
4,32,2048,1024,4096,9709.853,0.725876
4,32,4096,1024,4096,19532.794,0.721674
4,32,1,2048,128,60.076,0.00358
4,32,2,2048,128,61.436,0.007002
4,32,4,2048,128,62.098,0.013855
4,32,8,2048,128,63.384,0.027148
4,32,16,2048,128,66.962,0.051394
4,32,32,2048,128,71.54,0.096212
4,32,64,2048,128,83.336,0.165185
4,32,128,2048,128,116.029,0.237284
4,32,256,2048,128,168.377,0.327027
4,32,512,2048,128,294.464,0.373992
4,32,1024,2048,128,508.941,0.432771
4,32,2048,2048,128,952.167,0.462639
4,32,4096,2048,128,1854.924,0.474962
4,32,1,2048,256,112.56,0.003822
4,32,2,2048,256,116.342,0.007395
4,32,4,2048,256,117.077,0.014698
4,32,8,2048,256,119.138,0.028887
4,32,16,2048,256,120.974,0.056896
4,32,32,2048,256,127.546,0.107929
4,32,64,2048,256,140.158,0.196435
4,32,128,2048,256,178.508,0.308465
4,32,256,2048,256,232.733,0.473192
4,32,512,2048,256,349.653,0.629924
4,32,1024,2048,256,635.727,0.692922
4,32,2048,2048,256,1246.727,0.706666
4,32,4096,2048,256,2494.374,0.706405
4,32,1,2048,512,196.479,0.004379
4,32,2,2048,512,198.83,0.008654
4,32,4,2048,512,200.031,0.017205
4,32,8,2048,512,202.051,0.034065
4,32,16,2048,512,206.805,0.066565
4,32,32,2048,512,216.978,0.126887
4,32,64,2048,512,234.077,0.235237
4,32,128,2048,512,268.846,0.40963
4,32,256,2048,512,350.359,0.628654
4,32,512,2048,512,590.735,0.745698
4,32,1024,2048,512,1176.479,0.748861
4,32,2048,2048,512,2405.738,0.732431
4,32,4096,2048,512,4803.296,0.733679
4,32,1,2048,1024,372.226,0.004623
4,32,2,2048,1024,375.077,0.009175
4,32,4,2048,1024,377.136,0.018251
4,32,8,2048,1024,382.084,0.036029
4,32,16,2048,1024,389.131,0.070752
4,32,32,2048,1024,403.679,0.136405
4,32,64,2048,1024,429.612,0.256341
4,32,128,2048,1024,468.737,0.469889
4,32,256,2048,1024,625.074,0.704732
4,32,512,2048,1024,1184.906,0.743535
4,32,1024,2048,1024,2413.25,0.730152
4,32,2048,2048,1024,4692.937,0.750932
4,32,4096,2048,1024,9418.613,0.748322
4,32,1,2048,2048,730.03,0.004714
4,32,2,2048,2048,734.414,0.009372
4,32,4,2048,2048,738.868,0.018631
4,32,8,2048,2048,743.313,0.037039
4,32,16,2048,2048,757.663,0.072676
4,32,32,2048,2048,779.966,0.141195
4,32,64,2048,2048,818.313,0.269157
4,32,128,2048,2048,874.93,0.50348
4,32,256,2048,2048,1201.589,0.733212
4,32,512,2048,2048,2415.971,0.729329
4,32,1024,2048,2048,4745.921,0.742548
4,32,2048,2048,2048,9360.29,0.752984
4,32,4096,2048,2048,18683.812,0.754466
4,32,1,2048,4096,1443.362,0.004769
4,32,2,2048,4096,1457.54,0.009445
4,32,4,2048,4096,1462.288,0.018828
4,32,8,2048,4096,1470.663,0.037441
4,32,16,2048,4096,1494.604,0.073683
4,32,32,2048,4096,1533.834,0.143598
4,32,64,2048,4096,1597.363,0.275773
4,32,128,2048,4096,1699.295,0.518462
4,32,256,2048,4096,2532.579,0.695748
4,32,512,2048,4096,4828.256,0.729886
4,32,1024,2048,4096,9580.764,0.735657
4,32,2048,2048,4096,19026.266,0.740886
4,32,4096,2048,4096,37813.035,0.745579
4,32,1,4096,128,114.857,0.003745
4,32,2,4096,128,115.377,0.007457
4,32,4,4096,128,116.591,0.014759
4,32,8,4096,128,117.609,0.029262
4,32,16,4096,128,121.877,0.056475
4,32,32,4096,128,132.761,0.10369
4,32,64,4096,128,156.639,0.175766
4,32,128,4096,128,206.803,0.266262
4,32,256,4096,128,312.851,0.352012
4,32,512,4096,128,510.638,0.431333
4,32,1024,4096,128,929.552,0.473895
4,32,2048,4096,128,1773.252,0.496838
4,32,4096,4096,128,3483.59,0.505811
4,32,1,4096,256,195.563,0.004399
4,32,2,4096,256,195.778,0.008789
4,32,4,4096,256,197.896,0.01739
4,32,8,4096,256,201.815,0.034105
4,32,16,4096,256,207.668,0.066288
4,32,32,4096,256,221.977,0.12403
4,32,64,4096,256,246.988,0.222941
4,32,128,4096,256,313.315,0.351491
4,32,256,4096,256,422.702,0.521063
4,32,512,4096,256,713.127,0.617715
4,32,1024,4096,256,1452.418,0.606588
4,32,2048,4096,256,2731.287,0.645131
4,32,4096,4096,256,5412.304,0.651123
4,32,1,4096,512,378.419,0.004547
4,32,2,4096,512,378.276,0.009098
4,32,4,4096,512,380.723,0.018079
4,32,8,4096,512,384.175,0.035832
4,32,16,4096,512,392.899,0.070074
4,32,32,4096,512,406.97,0.135302
4,32,64,4096,512,436.243,0.252445
4,32,128,4096,512,512.373,0.429872
4,32,256,4096,512,702.483,0.627075
4,32,512,4096,512,1368.782,0.643652
4,32,1024,4096,512,2636.272,0.668382
4,32,2048,4096,512,5219.643,0.675156
4,32,4096,4096,512,10356.572,0.680549
4,32,1,4096,1024,731.084,0.004707
4,32,2,4096,1024,740.682,0.009293
4,32,4,4096,1024,742.484,0.01854
4,32,8,4096,1024,748.883,0.036764
4,32,16,4096,1024,760.777,0.072378
4,32,32,4096,1024,778.948,0.14138
4,32,64,4096,1024,817.78,0.269332
4,32,128,4096,1024,946.846,0.465239
4,32,256,4096,1024,1325.234,0.664802
4,32,512,4096,1024,2629.175,0.670187
4,32,1024,4096,1024,5066.72,0.695534
4,32,2048,4096,1024,9945.516,0.708676
4,32,4096,4096,1024,19878.201,0.709134
4,32,1,4096,2048,1451.234,0.004743
4,32,2,4096,2048,1473.164,0.009344
4,32,4,4096,2048,1476.968,0.018641
4,32,8,4096,2048,1484.327,0.037097
4,32,16,4096,2048,1500.893,0.073375
4,32,32,4096,2048,1531.631,0.143804
4,32,64,4096,2048,1583.651,0.278161
4,32,128,4096,2048,1839.408,0.478969
4,32,256,4096,2048,2747.7,0.641277
4,32,512,4096,2048,5212.318,0.676105
4,32,1024,4096,2048,10126.474,0.696012
4,32,2048,4096,2048,19880.561,0.70905
4,32,4096,4096,2048,39587.168,0.712165
4,32,1,4096,4096,2890.629,0.004762
4,32,2,4096,4096,2938.224,0.00937
4,32,4,4096,4096,2942.3,0.018715
4,32,8,4096,4096,2958.651,0.037222
4,32,16,4096,4096,2989.197,0.073684
4,32,32,4096,4096,3041.439,0.144836
4,32,64,4096,4096,3129.73,0.2815
4,32,128,4096,4096,3958.425,0.445136
4,32,256,4096,4096,6124.847,0.575374
4,32,512,4096,4096,12013.303,0.586696
4,32,1024,4096,4096,23061.699,0.611243
4,32,2048,4096,4096,46032.434,0.612451
4,32,4096,4096,4096,91602.276,0.615544
8,8,1,128,128,16.568,0.000406
8,8,2,128,128,15.814,0.00085
8,8,4,128,128,14.852,0.00181
8,8,8,128,128,15.403,0.003491
8,8,16,128,128,15.008,0.007166
8,8,32,128,128,15.222,0.01413
8,8,64,128,128,15.389,0.027954
8,8,128,128,128,16.228,0.053019
8,8,256,128,128,16.188,0.106297
8,8,512,128,128,20.645,0.166697
8,8,1024,128,128,34.163,0.201475
8,8,2048,128,128,70.936,0.194061
8,8,4096,128,128,119.694,0.230019
8,8,1,128,256,14.799,0.000908
8,8,2,128,256,14.81,0.001815
8,8,4,128,256,14.666,0.003667
8,8,8,128,256,14.742,0.007295
8,8,16,128,256,14.732,0.0146
8,8,32,128,256,14.686,0.029293
8,8,64,128,256,14.899,0.057746
8,8,128,128,256,15.146,0.113609
8,8,256,128,256,18.306,0.187996
8,8,512,128,256,27.293,0.252187
8,8,1024,128,256,59.217,0.232466
8,8,2048,128,256,101.25,0.271918
8,8,4096,128,256,177.204,0.310736
8,8,1,128,512,15.042,0.001787
8,8,2,128,512,15.228,0.003531
8,8,4,128,512,14.907,0.007214
8,8,8,128,512,15.11,0.014235
8,8,16,128,512,14.974,0.02873
8,8,32,128,512,15.083,0.057042
8,8,64,128,512,15.052,0.114319
8,8,128,128,512,18.627,0.184755
8,8,256,128,512,25.477,0.270158
8,8,512,128,512,53.075,0.259366
8,8,1024,128,512,89.858,0.306394
8,8,2048,128,512,158.207,0.348049
8,8,4096,128,512,300.084,0.366988
8,8,1,128,1024,14.346,0.003748
8,8,2,128,1024,16.423,0.006549
8,8,4,128,1024,17.231,0.012483
8,8,8,128,1024,17.167,0.025059
8,8,16,128,1024,17.86,0.048172
8,8,32,128,1024,18.505,0.092987
8,8,64,128,1024,18.736,0.183681
8,8,128,128,1024,37.077,0.185638
8,8,256,128,1024,62.005,0.222012
8,8,512,128,1024,111.128,0.247748
8,8,1024,128,1024,197.06,0.279426
8,8,2048,128,1024,375.963,0.292921
8,8,4096,128,1024,730.252,0.301615
8,8,1,128,2048,32.196,0.00334
8,8,2,128,2048,33.949,0.006336
8,8,4,128,2048,35.673,0.012059
8,8,8,128,2048,37.996,0.022644
8,8,16,128,2048,40.2,0.042804
8,8,32,128,2048,43.847,0.078488
8,8,64,128,2048,48.969,0.140556
8,8,128,128,2048,68.155,0.20198
8,8,256,128,2048,115.557,0.238252
8,8,512,128,2048,202.831,0.271476
8,8,1024,128,2048,386.329,0.285061
8,8,2048,128,2048,723.12,0.304589
8,8,4096,128,2048,1420.597,0.310088
8,8,1,128,4096,57.417,0.003746
8,8,2,128,4096,62.975,0.006831
8,8,4,128,4096,64.101,0.013422
8,8,8,128,4096,65.883,0.026118
8,8,16,128,4096,69.611,0.049439
8,8,32,128,4096,74.74,0.092091
8,8,64,128,4096,85.821,0.160402
8,8,128,128,4096,121.944,0.225775
8,8,256,128,4096,212.353,0.259303
8,8,512,128,4096,391.374,0.281387
8,8,1024,128,4096,751.908,0.292928
8,8,2048,128,4096,1482.602,0.297119
8,8,4096,128,4096,2829.235,0.311398
8,8,1,256,128,17.426,0.000771
8,8,2,256,128,16.408,0.001639
8,8,4,256,128,15.565,0.003455
8,8,8,256,128,15.3,0.007029
8,8,16,256,128,16.507,0.01303
8,8,32,256,128,16.283,0.026419
8,8,64,256,128,16.251,0.052942
8,8,128,256,128,16.857,0.102077
8,8,256,256,128,17.593,0.19562
8,8,512,256,128,22.371,0.307675
8,8,1024,256,128,55.524,0.247927
8,8,2048,256,128,94.098,0.292587
8,8,4096,256,128,168.557,0.326677
8,8,1,256,256,15.014,0.001791
8,8,2,256,256,14.836,0.003624
8,8,4,256,256,14.793,0.00727
8,8,8,256,256,15.373,0.013991
8,8,16,256,256,14.761,0.029143
8,8,32,256,256,14.649,0.058731
8,8,64,256,256,14.88,0.115641
8,8,128,256,256,16.175,0.212771
8,8,256,256,256,21.108,0.326075
8,8,512,256,256,45.817,0.300453
8,8,1024,256,256,72.913,0.377597
8,8,2048,256,256,124.744,0.441414
8,8,4096,256,256,229.662,0.479519
8,8,1,256,512,17.462,0.003079
8,8,2,256,512,16.372,0.006569
8,8,4,256,512,21.046,0.01022
8,8,8,256,512,15.052,0.02858
8,8,16,256,512,15.095,0.056997
8,8,32,256,512,15.59,0.110374
8,8,64,256,512,15.333,0.224445
8,8,128,256,512,26.765,0.257161
8,8,256,256,512,46.018,0.299139
8,8,512,256,512,67.219,0.409585
8,8,1024,256,512,109.652,0.502166
8,8,2048,256,512,195.879,0.56222
8,8,4096,256,512,375.148,0.587114
8,8,1,256,1024,29.871,0.0036
8,8,2,256,1024,30.668,0.007014
8,8,4,256,1024,31.468,0.013671
8,8,8,256,1024,33.408,0.025753
8,8,16,256,1024,36.349,0.04734
8,8,32,256,1024,40.072,0.085882
8,8,64,256,1024,44.893,0.153318
8,8,128,256,1024,57.234,0.240519
8,8,256,256,1024,85.246,0.322969
8,8,512,256,1024,154.676,0.355995
8,8,1024,256,1024,277.482,0.396882
8,8,2048,256,1024,536.308,0.410687
8,8,4096,256,1024,1070.506,0.411497
8,8,1,256,2048,63.669,0.003378
8,8,2,256,2048,60.321,0.007132
8,8,4,256,2048,61.517,0.013986
8,8,8,256,2048,62.874,0.027368
8,8,16,256,2048,65.125,0.052844
8,8,32,256,2048,68.042,0.101158
8,8,64,256,2048,75.26,0.182911
8,8,128,256,2048,95.853,0.28723
8,8,256,256,2048,155.176,0.354846
8,8,512,256,2048,276.855,0.39778
8,8,1024,256,2048,545.054,0.404097
8,8,2048,256,2048,1047.643,0.420477
8,8,4096,256,2048,2092.002,0.421137
8,8,1,256,4096,111.024,0.003875
8,8,2,256,4096,108.424,0.007935
8,8,4,256,4096,110.016,0.015641
8,8,8,256,4096,113.055,0.030441
8,8,16,256,4096,117.061,0.058798
8,8,32,256,4096,122.434,0.112435
8,8,64,256,4096,136.067,0.202341
8,8,128,256,4096,174.004,0.31645
8,8,256,256,4096,284.379,0.387256
8,8,512,256,4096,550.055,0.400423
8,8,1024,256,4096,1086.283,0.40552
8,8,2048,256,4096,2160.273,0.407828
8,8,4096,256,4096,4185.484,0.420988
8,8,1,512,128,16.526,0.001627
8,8,2,512,128,15.97,0.003367
8,8,4,512,128,14.98,0.007179
8,8,8,512,128,16.703,0.012877
8,8,16,512,128,14.794,0.029079
8,8,32,512,128,14.852,0.057929
8,8,64,512,128,14.893,0.115541
8,8,128,512,128,15.952,0.215746
8,8,256,512,128,24.674,0.278956
8,8,512,512,128,49.89,0.275927
8,8,1024,512,128,79.675,0.345552
8,8,2048,512,128,140.624,0.391566
8,8,4096,512,128,261.962,0.420394
8,8,1,512,256,17.225,0.003122
8,8,2,512,256,16.882,0.00637
8,8,4,512,256,16.541,0.013004
8,8,8,512,256,15.1,0.028489
8,8,16,512,256,15.261,0.056377
8,8,32,512,256,16.52,0.104161
8,8,64,512,256,19.908,0.172873
8,8,128,512,256,23.599,0.291661
8,8,256,512,256,43.07,0.31962
8,8,512,512,256,63.839,0.431271
8,8,1024,512,256,103.438,0.532337
8,8,2048,512,256,178.874,0.615671
8,8,4096,512,256,332.351,0.662718
8,8,1,512,512,30.786,0.003493
8,8,2,512,512,31.862,0.006751
8,8,4,512,512,32.873,0.013086
8,8,8,512,512,35.337,0.024348
8,8,16,512,512,37.932,0.045364
8,8,32,512,512,41.015,0.083909
8,8,64,512,512,44.453,0.154835
8,8,128,512,512,49.743,0.276739
8,8,256,512,512,63.69,0.43228
8,8,512,512,512,100.629,0.547193
8,8,1024,512,512,175.024,0.629214
8,8,2048,512,512,324.075,0.679642
8,8,4096,512,512,652.442,0.67517
8,8,1,512,1024,59.395,0.003621
8,8,2,512,1024,62.879,0.006842
8,8,4,512,1024,64.146,0.013413
8,8,8,512,1024,64.44,0.026703
8,8,16,512,1024,66.229,0.051963
8,8,32,512,1024,68.882,0.099924
8,8,64,512,1024,73.06,0.188419
8,8,128,512,1024,80.318,0.342785
8,8,256,512,1024,108.965,0.505335
8,8,512,512,1024,171.677,0.641479
8,8,1024,512,1024,322.851,0.682218
8,8,2048,512,1024,655.558,0.671961
8,8,4096,512,1024,1369.813,0.643167
8,8,1,512,2048,110.395,0.003897
8,8,2,512,2048,113.453,0.007583
8,8,4,512,2048,114.168,0.015072
8,8,8,512,2048,115.665,0.029754
8,8,16,512,2048,117.492,0.058583
8,8,32,512,2048,122.554,0.112326
8,8,64,512,2048,129.635,0.21238
8,8,128,512,2048,140.507,0.391892
8,8,256,512,2048,182.837,0.602326
8,8,512,512,2048,322.513,0.682933
8,8,1024,512,2048,630.861,0.698268
8,8,2048,512,2048,1340.85,0.65706
8,8,4096,512,2048,2676.685,0.658291
8,8,1,512,4096,201.598,0.004268
8,8,2,512,4096,208.157,0.008267
8,8,4,512,4096,211.093,0.016303
8,8,8,512,4096,213.691,0.03221
8,8,16,512,4096,217.556,0.063275
8,8,32,512,4096,225.809,0.121925
8,8,64,512,4096,239.26,0.230142
8,8,128,512,4096,260.641,0.422524
8,8,256,512,4096,338.405,0.650862
8,8,512,512,4096,642.516,0.685601
8,8,1024,512,4096,1360.57,0.647536
8,8,2048,512,4096,2693.685,0.654137
8,8,4096,512,4096,5310.54,0.6636
8,8,1,1024,128,16.53,0.003253
8,8,2,1024,128,18.53,0.005804
8,8,4,1024,128,17.199,0.012506
8,8,8,1024,128,16.778,0.025639
8,8,16,1024,128,17.066,0.050414
8,8,32,1024,128,17.295,0.099495
8,8,64,1024,128,18.621,0.18482
8,8,128,1024,128,38.176,0.180294
8,8,256,1024,128,60.521,0.227458
8,8,512,1024,128,84.719,0.324978
8,8,1024,1024,128,142.631,0.386057
8,8,2048,1024,128,258.81,0.425514
8,8,4096,1024,128,487.7,0.451619
8,8,1,1024,256,28.507,0.003773
8,8,2,1024,256,32.453,0.006628
8,8,4,1024,256,32.948,0.013056
8,8,8,1024,256,35.746,0.024069
8,8,16,1024,256,38.178,0.045071
8,8,32,1024,256,40.935,0.084072
8,8,64,1024,256,46.388,0.148378
8,8,128,1024,256,57.859,0.237923
8,8,256,1024,256,73.427,0.374957
8,8,512,1024,256,111.967,0.491783
8,8,1024,1024,256,180.756,0.60926
8,8,2048,1024,256,316.921,0.694984
8,8,4096,1024,256,607.454,0.725173
8,8,1,1024,512,63.398,0.003393
8,8,2,1024,512,60.541,0.007106
8,8,4,1024,512,62.114,0.013852
8,8,8,1024,512,62.941,0.027339
8,8,16,1024,512,65.128,0.052842
8,8,32,1024,512,68.324,0.10074
8,8,64,1024,512,73.247,0.187939
8,8,128,1024,512,82.383,0.334194
8,8,256,1024,512,108.785,0.506171
8,8,512,1024,512,174.11,0.632515
8,8,1024,1024,512,300.002,0.734178
8,8,2048,1024,512,583.634,0.75477
8,8,4096,1024,512,1279.767,0.688422
8,8,1,1024,1024,106.887,0.004025
8,8,2,1024,1024,111.752,0.007699
8,8,4,1024,1024,111.192,0.015475
8,8,8,1024,1024,111.904,0.030754
8,8,16,1024,1024,113.818,0.060473
8,8,32,1024,1024,118.814,0.115862
8,8,64,1024,1024,123.345,0.22321
8,8,128,1024,1024,136.857,0.402345
8,8,256,1024,1024,182.144,0.604616
8,8,512,1024,1024,293.782,0.749721
8,8,1024,1024,1024,576.316,0.764354
8,8,2048,1024,1024,1247.12,0.706443
8,8,4096,1024,1024,2484.589,0.709187
8,8,1,1024,2048,197.28,0.004361
8,8,2,1024,2048,206.004,0.008353
8,8,4,1024,2048,205.872,0.016717
8,8,8,1024,2048,207.89,0.033109
8,8,16,1024,2048,211.175,0.065187
8,8,32,1024,2048,218.155,0.126203
8,8,64,1024,2048,226.884,0.242695
8,8,128,1024,2048,245.874,0.447902
8,8,256,1024,2048,316.869,0.695098
8,8,512,1024,2048,575.264,0.765752
8,8,1024,1024,2048,1238.86,0.711153
8,8,2048,1024,2048,2479.708,0.710583
8,8,4096,1024,2048,4892.646,0.72028
8,8,1,1024,4096,380.286,0.004525
8,8,2,1024,4096,390.655,0.00881
8,8,4,1024,4096,390.533,0.017625
8,8,8,1024,4096,395.061,0.034845
8,8,16,1024,4096,403.423,0.068246
8,8,32,1024,4096,415.789,0.132432
8,8,64,1024,4096,434.165,0.253653
8,8,128,1024,4096,463.094,0.475615
8,8,256,1024,4096,590.783,0.745637
8,8,512,1024,4096,1254.004,0.702564
8,8,1024,1024,4096,2491.981,0.707083
8,8,2048,1024,4096,4905.504,0.718392
8,8,4096,1024,4096,9855.83,0.715125
8,8,1,2048,128,28.807,0.003733
8,8,2,2048,128,29.786,0.007221
8,8,4,2048,128,33.207,0.012955
8,8,8,2048,128,35.014,0.024572
8,8,16,2048,128,37.702,0.04564
8,8,32,2048,128,41.45,0.083028
8,8,64,2048,128,48.121,0.143034
8,8,128,2048,128,65.394,0.210506
8,8,256,2048,128,101.095,0.272335
8,8,512,2048,128,153.914,0.357755
8,8,1024,2048,128,260.638,0.422531
8,8,2048,2048,128,483.553,0.455493
8,8,4096,2048,128,928.443,0.474461
8,8,1,2048,256,57.68,0.003729
8,8,2,2048,256,62.238,0.006912
8,8,4,2048,256,62.77,0.013707
8,8,8,2048,256,63.625,0.027045
8,8,16,2048,256,65.706,0.052377
8,8,32,2048,256,69.708,0.09874
8,8,64,2048,256,79.147,0.173929
8,8,128,2048,256,88.459,0.311238
8,8,256,2048,256,146.701,0.375346
8,8,512,2048,256,199.172,0.552925
8,8,1024,2048,256,317.405,0.693924
8,8,2048,2048,256,607.1,0.725596
8,8,4096,2048,256,1247.424,0.706271
8,8,1,2048,512,116.681,0.003687
8,8,2,2048,512,107.924,0.007972
8,8,4,2048,512,109.285,0.015745
8,8,8,2048,512,108.091,0.031839
8,8,16,2048,512,111.684,0.061629
8,8,32,2048,512,116.14,0.118528
8,8,64,2048,512,125.939,0.218613
8,8,128,2048,512,161.476,0.341001
8,8,256,2048,512,197.547,0.557475
8,8,512,2048,512,302.734,0.727553
8,8,1024,2048,512,572.099,0.769988
8,8,2048,2048,512,1189.581,0.740613
8,8,4096,2048,512,2387.639,0.737983
8,8,1,2048,1024,195.604,0.004399
8,8,2,2048,1024,200.15,0.008597
8,8,4,2048,1024,199.679,0.017235
8,8,8,2048,1024,201.943,0.034084
8,8,16,2048,1024,206.413,0.066691
8,8,32,2048,1024,211.709,0.130046
8,8,64,2048,1024,223.305,0.246586
8,8,128,2048,1024,249.803,0.440857
8,8,256,2048,1024,314.561,0.700196
8,8,512,2048,1024,577.817,0.762368
8,8,1024,2048,1024,1179.15,0.747164
8,8,2048,2048,1024,2379.651,0.740461
8,8,4096,2048,1024,4696.416,0.750376
8,8,1,2048,2048,372.308,0.004622
8,8,2,2048,2048,384.119,0.008959
8,8,4,2048,2048,386.078,0.017828
8,8,8,2048,2048,387.643,0.035512
8,8,16,2048,2048,395.279,0.069652
8,8,32,2048,2048,406.528,0.135449
8,8,64,2048,2048,423.782,0.259868
8,8,128,2048,2048,444.851,0.49512
8,8,256,2048,2048,603.252,0.730225
8,8,512,2048,2048,1190.599,0.73998
8,8,1024,2048,2048,2440.215,0.722083
8,8,2048,2048,2048,4691.561,0.751152
8,8,4096,2048,2048,9362.352,0.752818
8,8,1,2048,4096,729.057,0.00472
8,8,2,2048,4096,748.839,0.009192
8,8,4,2048,4096,750.281,0.018348
8,8,8,2048,4096,758.186,0.036313
8,8,16,2048,4096,772.764,0.071256
8,8,32,2048,4096,795.529,0.138433
8,8,64,2048,4096,822.739,0.267709
8,8,128,2048,4096,855.629,0.514837
8,8,256,2048,4096,1173.62,0.750685
8,8,512,2048,4096,2585.773,0.681436
8,8,1024,2048,4096,4767.004,0.739264
8,8,2048,2048,4096,9512.686,0.740921
8,8,4096,2048,4096,19104.277,0.737861
8,8,1,4096,128,57.592,0.003735
8,8,2,4096,128,58.051,0.00741
8,8,4,4096,128,58.605,0.014681
8,8,8,4096,128,60.499,0.028442
8,8,16,4096,128,63.529,0.054172
8,8,32,4096,128,69.732,0.098706
8,8,64,4096,128,81.774,0.168342
8,8,128,4096,128,115.785,0.237784
8,8,256,4096,128,181.965,0.302606
8,8,512,4096,128,271.142,0.406161
8,8,1024,4096,128,470.489,0.46814
8,8,2048,4096,128,895.778,0.491762
8,8,4096,4096,128,1739.639,0.506438
8,8,1,4096,256,112.276,0.003831
8,8,2,4096,256,112.814,0.007626
8,8,4,4096,256,112.915,0.015239
8,8,8,4096,256,114.111,0.030159
8,8,16,4096,256,117.215,0.058721
8,8,32,4096,256,122.33,0.112531
8,8,64,4096,256,134.474,0.204738
8,8,128,4096,256,179.658,0.306492
8,8,256,4096,256,230.43,0.477921
8,8,512,4096,256,354.862,0.620677
8,8,1024,4096,256,712.317,0.618418
8,8,2048,4096,256,1379.551,0.638627
8,8,4096,4096,256,2724.304,0.646785
8,8,1,4096,512,195.722,0.004396
8,8,2,4096,512,196.535,0.008755
8,8,4,4096,512,197.499,0.017425
8,8,8,4096,512,198.743,0.034632
8,8,16,4096,512,202.976,0.06782
8,8,32,4096,512,210.616,0.130721
8,8,64,4096,512,224.55,0.245218
8,8,128,4096,512,271.136,0.40617
8,8,256,4096,512,348.873,0.631333
8,8,512,4096,512,656.803,0.670687
8,8,1024,4096,512,1328.012,0.663412
8,8,2048,4096,512,2610.408,0.675005
8,8,4096,4096,512,5158.799,0.683119
8,8,1,4096,1024,380.452,0.004523
8,8,2,4096,1024,377.012,0.009128
8,8,4,4096,1024,377.655,0.018226
8,8,8,4096,1024,381.296,0.036103
8,8,16,4096,1024,385.226,0.071469
8,8,32,4096,1024,394.652,0.139525
8,8,64,4096,1024,411.79,0.267436
8,8,128,4096,1024,475.012,0.463683
8,8,256,4096,1024,653.658,0.673914
8,8,512,4096,1024,1323.43,0.665709
8,8,1024,4096,1024,2578.065,0.683473
8,8,2048,4096,1024,5012.306,0.703085
8,8,4096,4096,1024,9986.137,0.705794
8,8,1,4096,2048,732.371,0.004699
8,8,2,4096,2048,741.797,0.009279
8,8,4,4096,2048,744.014,0.018502
8,8,8,4096,2048,748.064,0.036804
8,8,16,4096,2048,755.573,0.072877
8,8,32,4096,2048,769.993,0.143024
8,8,64,4096,2048,794.338,0.277281
8,8,128,4096,2048,925.354,0.476044
8,8,256,4096,2048,1318.947,0.667971
8,8,512,4096,2048,2658.537,0.662785
8,8,1024,4096,2048,5097.395,0.691348
8,8,2048,4096,2048,10008.246,0.704234
8,8,4096,4096,2048,19857.06,0.709889
8,8,1,4096,4096,1453.059,0.004737
8,8,2,4096,4096,1474.439,0.009336
8,8,4,4096,4096,1477.609,0.018633
8,8,8,4096,4096,1485.331,0.037072
8,8,16,4096,4096,1498.948,0.07347
8,8,32,4096,4096,1524.834,0.144445
8,8,64,4096,4096,1563.362,0.281771
8,8,128,4096,4096,1941.043,0.45389
8,8,256,4096,4096,3098.605,0.568655
8,8,512,4096,4096,5781.035,0.609593
8,8,1024,4096,4096,11721.969,0.601277
8,8,2048,4096,4096,22796.885,0.618343
8,8,4096,4096,4096,45830.681,0.615147
8,16,1,128,128,14.958,0.000899
8,16,2,128,128,14.898,0.001805
8,16,4,128,128,14.676,0.003664
8,16,8,128,128,14.763,0.007285
8,16,16,128,128,14.543,0.01479
8,16,32,128,128,14.727,0.029211
8,16,64,128,128,15.035,0.057225
8,16,128,128,128,15.391,0.111804
8,16,256,128,128,20.592,0.167127
8,16,512,128,128,38.076,0.18077
8,16,1024,128,128,71.022,0.193827
8,16,2048,128,128,117.242,0.234829
8,16,4096,128,128,215.224,0.255844
8,16,1,128,256,14.96,0.001797
8,16,2,128,256,15.147,0.00355
8,16,4,128,256,14.907,0.007215
8,16,8,128,256,15.008,0.014331
8,16,16,128,256,14.843,0.028983
8,16,32,128,256,15.179,0.05668
8,16,64,128,256,14.946,0.115127
8,16,128,128,256,17.3,0.198931
8,16,256,128,256,37.442,0.183831
8,16,512,128,256,62.064,0.221804
8,16,1024,128,256,108.256,0.254322
8,16,2048,128,256,196.515,0.2802
8,16,4096,128,256,368.373,0.298956
8,16,1,128,512,17.987,0.002989
8,16,2,128,512,16.402,0.006557
8,16,4,128,512,16.409,0.013108
8,16,8,128,512,16.732,0.02571
8,16,16,128,512,17.374,0.049521
8,16,32,128,512,18.935,0.090877
8,16,64,128,512,18.516,0.185868
8,16,128,128,512,33.862,0.203264
8,16,256,128,512,60.116,0.228988
8,16,512,128,512,101.16,0.272162
8,16,1024,128,512,180.298,0.305403
8,16,2048,128,512,341.826,0.322174
8,16,4096,128,512,667.569,0.329936
8,16,1,128,1024,33.188,0.003241
8,16,2,128,1024,35.644,0.006034
8,16,4,128,1024,36.365,0.01183
8,16,8,128,1024,37.078,0.023204
8,16,16,128,1024,38.372,0.044843
8,16,32,128,1024,40.726,0.084502
8,16,64,128,1024,50.585,0.136068
8,16,128,128,1024,69.396,0.198368
8,16,256,128,1024,106.767,0.257867
8,16,512,128,1024,180.995,0.304227
8,16,1024,128,1024,333.429,0.330287
8,16,2048,128,1024,638.109,0.345168
8,16,4096,128,1024,1300.217,0.338797
8,16,1,128,2048,59.106,0.003639
8,16,2,128,2048,63.452,0.00678
8,16,4,128,2048,64.467,0.013346
8,16,8,128,2048,66.077,0.026041
8,16,16,128,2048,69.445,0.049557
8,16,32,128,2048,74.459,0.09244
8,16,64,128,2048,86.987,0.158253
8,16,128,128,2048,119.249,0.230878
8,16,256,128,2048,197.816,0.278358
8,16,512,128,2048,345.095,0.319122
8,16,1024,128,2048,648.809,0.339476
8,16,2048,128,2048,1280.304,0.344066
8,16,4096,128,2048,2573.512,0.342341
8,16,1,128,4096,107.726,0.003993
8,16,2,128,4096,118.019,0.00729
8,16,4,128,4096,118.421,0.014531
8,16,8,128,4096,123.995,0.027755
8,16,16,128,4096,130.936,0.052567
8,16,32,128,4096,140.549,0.097944
8,16,64,128,4096,160.143,0.17192
8,16,128,128,4096,217.173,0.253548
8,16,256,128,4096,374.627,0.293966
8,16,512,128,4096,675.895,0.325871
8,16,1024,128,4096,1300.665,0.33868
8,16,2048,128,4096,2601.072,0.338714
8,16,4096,128,4096,5125.458,0.343782
8,16,1,256,128,15.928,0.001688
8,16,2,256,128,16.373,0.003284
8,16,4,256,128,15.399,0.006984
8,16,8,256,128,16.019,0.013427
8,16,16,256,128,15.724,0.027358
8,16,32,256,128,15.785,0.054505
8,16,64,256,128,15.894,0.108264
8,16,128,256,128,17.611,0.195414
8,16,256,256,128,25.466,0.270284
8,16,512,256,128,59.466,0.231494
8,16,1024,256,128,98.982,0.278149
8,16,2048,256,128,172.644,0.318943
8,16,4096,256,128,318.379,0.3459
8,16,1,256,256,16.269,0.003305
8,16,2,256,256,17.154,0.006269
8,16,4,256,256,16.705,0.012876
8,16,8,256,256,17.228,0.02497
8,16,16,256,256,17.363,0.049551
8,16,32,256,256,18.53,0.092864
8,16,64,256,256,17.299,0.198937
8,16,128,256,256,24.407,0.282007
8,16,256,256,256,51.334,0.268164
8,16,512,256,256,84.346,0.326416
8,16,1024,256,256,139.063,0.395962
8,16,2048,256,256,252.91,0.435442
8,16,4096,256,256,480.635,0.458258
8,16,1,256,512,31.421,0.003423
8,16,2,256,512,36.768,0.00585
8,16,4,256,512,36.659,0.011735
8,16,8,256,512,37.397,0.023006
8,16,16,256,512,39.261,0.043829
8,16,32,256,512,41.385,0.083157
8,16,64,256,512,46.135,0.149192
8,16,128,256,512,58.914,0.233659
8,16,256,256,512,86.76,0.317333
8,16,512,256,512,136.804,0.402501
8,16,1024,256,512,240.337,0.45822
8,16,2048,256,512,459.804,0.479018
8,16,4096,256,512,938.09,0.469581
8,16,1,256,1024,61.833,0.003479
8,16,2,256,1024,63.015,0.006827
8,16,4,256,1024,64.285,0.013384
8,16,8,256,1024,65.354,0.026329
8,16,16,256,1024,67.892,0.050691
8,16,32,256,1024,71.063,0.096857
8,16,64,256,1024,78.887,0.174501
8,16,128,256,1024,100.283,0.27454
8,16,256,256,1024,142.597,0.386149
8,16,512,256,1024,243.785,0.45174
8,16,1024,256,1024,450.282,0.489148
8,16,2048,256,1024,902.368,0.48817
8,16,4096,256,1024,1853.493,0.475329
8,16,1,256,2048,113.274,0.003798
8,16,2,256,2048,113.752,0.007564
8,16,4,256,2048,115.429,0.014907
8,16,8,256,2048,118.246,0.029104
8,16,16,256,2048,121.786,0.056517
8,16,32,256,2048,129.457,0.106336
8,16,64,256,2048,138.331,0.199028
8,16,128,256,2048,174.867,0.314888
8,16,256,256,2048,253.301,0.434769
8,16,512,256,2048,450.72,0.488673
8,16,1024,256,2048,895.309,0.49202
8,16,2048,256,2048,1836.019,0.479853
8,16,4096,256,2048,3614.998,0.487424
8,16,1,256,4096,207.54,0.004146
8,16,2,256,4096,215.156,0.007998
8,16,4,256,4096,215.005,0.016007
8,16,8,256,4096,222.57,0.030925
8,16,16,256,4096,231.104,0.059566
8,16,32,256,4096,244.966,0.11239
8,16,64,256,4096,258.319,0.213161
8,16,128,256,4096,320.795,0.343295
8,16,256,256,4096,480.572,0.458318
8,16,512,256,4096,915.425,0.481208
8,16,1024,256,4096,1846.699,0.477078
8,16,2048,256,4096,3623.765,0.486245
8,16,4096,256,4096,7202.771,0.489267
8,16,1,512,128,16.017,0.003357
8,16,2,512,128,16.251,0.006618
8,16,4,512,128,16.428,0.013093
8,16,8,512,128,16.765,0.02566
8,16,16,512,128,16.465,0.052254
8,16,32,512,128,16.677,0.103179
8,16,64,512,128,17.384,0.197972
8,16,128,512,128,41.786,0.164721
8,16,256,512,128,54.918,0.250662
8,16,512,512,128,87.331,0.315259
8,16,1024,512,128,147.28,0.37387
8,16,2048,512,128,268.326,0.410424
8,16,4096,512,128,510.363,0.431565
8,16,1,512,256,30.818,0.00349
8,16,2,512,256,33.737,0.006375
8,16,4,512,256,34.708,0.012394
8,16,8,512,256,37.392,0.023009
8,16,16,512,256,39.352,0.043727
8,16,32,512,256,42.517,0.080943
8,16,64,512,256,47.317,0.145464
8,16,128,512,256,54.789,0.251253
8,16,256,512,256,77.869,0.353568
8,16,512,512,256,115.527,0.476632
8,16,1024,512,256,192.787,0.571239
8,16,2048,512,256,343.403,0.641389
8,16,4096,512,256,672.331,0.655197
8,16,1,512,512,60.966,0.003528
8,16,2,512,512,65.582,0.006559
8,16,4,512,512,65.939,0.013048
8,16,8,512,512,65.156,0.02641
8,16,16,512,512,65.571,0.052485
8,16,32,512,512,67.408,0.102109
8,16,64,512,512,73.533,0.187208
8,16,128,512,512,87.545,0.314488
8,16,256,512,512,116.507,0.47262
8,16,512,512,512,186.708,0.589836
8,16,1024,512,512,335.932,0.655653
8,16,2048,512,512,674.657,0.652938
8,16,4096,512,512,1393.076,0.632427
8,16,1,512,1024,108.57,0.003962
8,16,2,512,1024,110.935,0.007756
8,16,4,512,1024,112.398,0.015309
8,16,8,512,1024,114.42,0.030078
8,16,16,512,1024,116.416,0.059124
8,16,32,512,1024,117.821,0.116838
8,16,64,512,1024,128.591,0.214104
8,16,128,512,1024,146.483,0.375905
8,16,256,512,1024,194.645,0.565785
8,16,512,512,1024,320.961,0.686236
8,16,1024,512,1024,655.586,0.671932
8,16,2048,512,1024,1370.078,0.643043
8,16,4096,512,1024,2807.293,0.627664
8,16,1,512,2048,201.682,0.004266
8,16,2,512,2048,201.603,0.008535
8,16,4,512,2048,204.238,0.01685
8,16,8,512,2048,206.974,0.033255
8,16,16,512,2048,209.964,0.065563
8,16,32,512,2048,219.751,0.125287
8,16,64,512,2048,235.826,0.233492
8,16,128,512,2048,265.54,0.414729
8,16,256,512,2048,346.804,0.635099
8,16,512,512,2048,652.673,0.674932
8,16,1024,512,2048,1376.835,0.639887
8,16,2048,512,2048,2713.824,0.649282
8,16,4096,512,2048,5392.723,0.653487
8,16,1,512,4096,380.328,0.004524
8,16,2,512,4096,382.316,0.009002
8,16,4,512,4096,383.662,0.01794
8,16,8,512,4096,389.897,0.035307
8,16,16,512,4096,401.917,0.068501
8,16,32,512,4096,420.382,0.130985
8,16,64,512,4096,451.124,0.244118
8,16,128,512,4096,506.713,0.434674
8,16,256,512,4096,660.319,0.667116
8,16,512,512,4096,1392.971,0.632475
8,16,1024,512,4096,2747.614,0.641297
8,16,2048,512,4096,5346.787,0.659102
8,16,4096,512,4096,10658.262,0.661285
8,16,1,1024,128,30.656,0.003508
8,16,2,1024,128,31.318,0.006868
8,16,4,1024,128,33.816,0.012721
8,16,8,1024,128,35.375,0.024322
8,16,16,1024,128,37.734,0.045602
8,16,32,1024,128,41.617,0.082695
8,16,64,1024,128,48.783,0.141094
8,16,128,1024,128,62.797,0.219212
8,16,256,1024,128,95.316,0.288848
8,16,512,1024,128,156.849,0.351062
8,16,1024,1024,128,270.385,0.407298
8,16,2048,1024,128,501.189,0.439464
8,16,4096,1024,128,965.78,0.456118
8,16,1,1024,256,61.266,0.003511
8,16,2,1024,256,63.896,0.006733
8,16,4,1024,256,64.866,0.013264
8,16,8,1024,256,66.522,0.025867
8,16,16,1024,256,68.123,0.050518
8,16,32,1024,256,72.819,0.094521
8,16,64,1024,256,79.378,0.173423
8,16,128,1024,256,93.076,0.2958
8,16,256,1024,256,147.802,0.372551
8,16,512,1024,256,202.846,0.542911
8,16,1024,1024,256,334.042,0.659363
8,16,2048,1024,256,620.351,0.710097
8,16,4096,1024,256,1399.547,0.629503
8,16,1,1024,512,108.865,0.003952
8,16,2,1024,512,109.2,0.007879
8,16,4,1024,512,108.237,0.015898
8,16,8,1024,512,110.214,0.031225
8,16,16,1024,512,113.137,0.060837
8,16,32,1024,512,118.154,0.116508
8,16,64,1024,512,127.18,0.216479
8,16,128,1024,512,152.369,0.361384
8,16,256,1024,512,202.676,0.543367
8,16,512,1024,512,313.665,0.702197
8,16,1024,1024,512,586.745,0.750768
8,16,2048,1024,512,1268.121,0.694744
8,16,4096,1024,512,2550.131,0.69096
8,16,1,1024,1024,198.158,0.004342
8,16,2,1024,1024,194.985,0.008825
8,16,4,1024,1024,197.378,0.017436
8,16,8,1024,1024,200.024,0.034411
8,16,16,1024,1024,204.388,0.067352
8,16,32,1024,1024,212.699,0.12944
8,16,64,1024,1024,225.537,0.244145
8,16,128,1024,1024,260.149,0.423324
8,16,256,1024,1024,334.503,0.658453
8,16,512,1024,1024,589.055,0.747824
8,16,1024,1024,1024,1254.811,0.702113
8,16,2048,1024,1024,2501.68,0.704342
8,16,4096,1024,1024,4979.719,0.707686
8,16,1,1024,2048,380.104,0.004527
8,16,2,1024,2048,376.702,0.009136
8,16,4,1024,2048,379.019,0.01816
8,16,8,1024,2048,383.13,0.03593
8,16,16,1024,2048,392.293,0.070182
8,16,32,1024,2048,406.597,0.135426
8,16,64,1024,2048,427.34,0.257704
8,16,128,1024,2048,476.263,0.462465
8,16,256,1024,2048,604.957,0.728166
8,16,512,1024,2048,1255.72,0.701604
8,16,1024,1024,2048,2520.966,0.698953
8,16,2048,1024,2048,4947.772,0.712255
8,16,4096,1024,2048,9858.031,0.714965
8,16,1,1024,4096,738.221,0.004662
8,16,2,1024,4096,737.673,0.009331
8,16,4,1024,4096,739.089,0.018626
8,16,8,1024,4096,748.512,0.036782
8,16,16,1024,4096,765.949,0.07189
8,16,32,1024,4096,793.179,0.138843
8,16,64,1024,4096,835.097,0.263747
8,16,128,1024,4096,917.079,0.48034
8,16,256,1024,4096,1245.062,0.70761
8,16,512,1024,4096,2590.738,0.68013
8,16,1024,1024,4096,4952.791,0.711533
8,16,2048,1024,4096,9717.64,0.725295
8,16,4096,1024,4096,19561.041,0.720632
8,16,1,2048,128,60.336,0.003565
8,16,2,2048,128,61.139,0.007036
8,16,4,2048,128,62.163,0.01384
8,16,8,2048,128,63.71,0.027009
8,16,16,2048,128,66.701,0.051595
8,16,32,2048,128,71.819,0.095837
8,16,64,2048,128,83.862,0.164151
8,16,128,2048,128,115.921,0.237506
8,16,256,2048,128,168.871,0.32607
8,16,512,2048,128,295.694,0.372436
8,16,1024,2048,128,508.918,0.43279
8,16,2048,2048,128,953.545,0.461971
8,16,4096,2048,128,1856.028,0.47468
8,16,1,2048,256,112.743,0.003816
8,16,2,2048,256,116.604,0.007379
8,16,4,2048,256,117.416,0.014655
8,16,8,2048,256,118.499,0.029042
8,16,16,2048,256,121.282,0.056752
8,16,32,2048,256,126.97,0.108419
8,16,64,2048,256,140.256,0.196297
8,16,128,2048,256,178.274,0.308872
8,16,256,2048,256,233.042,0.472565
8,16,512,2048,256,349.081,0.630956
8,16,1024,2048,256,636.957,0.691584
8,16,2048,2048,256,1250.657,0.704445
8,16,4096,2048,256,2499.796,0.704873
8,16,1,2048,512,197.284,0.004361
8,16,2,2048,512,199.157,0.00864
8,16,4,2048,512,201.099,0.017113
8,16,8,2048,512,201.552,0.03415
8,16,16,2048,512,207.273,0.066414
8,16,32,2048,512,217.179,0.12677
8,16,64,2048,512,234.357,0.234956
8,16,128,2048,512,269.308,0.408927
8,16,256,2048,512,350.863,0.627751
8,16,512,2048,512,596.008,0.7391
8,16,1024,2048,512,1178.172,0.747784
8,16,2048,2048,512,2421.081,0.72779
8,16,4096,2048,512,4817.675,0.731489
8,16,1,2048,1024,371.617,0.00463
8,16,2,2048,1024,375.817,0.009157
8,16,4,2048,1024,376.523,0.01828
8,16,8,2048,1024,381.86,0.03605
8,16,16,2048,1024,388.712,0.070828
8,16,32,2048,1024,403.894,0.136332
8,16,64,2048,1024,429.694,0.256293
8,16,128,2048,1024,468.066,0.470564
8,16,256,2048,1024,626.697,0.702907
8,16,512,2048,1024,1187.981,0.74161
8,16,1024,2048,1024,2416.441,0.729187
8,16,2048,2048,1024,4727.213,0.745487
8,16,4096,2048,1024,9481.185,0.743383
8,16,1,2048,2048,729.045,0.004721
8,16,2,2048,2048,734.747,0.009368
8,16,4,2048,2048,738.873,0.018631
8,16,8,2048,2048,743.684,0.037021
8,16,16,2048,2048,758.168,0.072627
8,16,32,2048,2048,780.802,0.141044
8,16,64,2048,2048,816.716,0.269683
8,16,128,2048,2048,879.723,0.500737
8,16,256,2048,2048,1219.8,0.722265
8,16,512,2048,2048,2443.559,0.721095
8,16,1024,2048,2048,4749.333,0.742015
8,16,2048,2048,2048,9366.576,0.752479
8,16,4096,2048,2048,18785.469,0.750383
8,16,1,2048,4096,1442.412,0.004772
8,16,2,2048,4096,1456.317,0.009453
8,16,4,2048,4096,1459.402,0.018865
8,16,8,2048,4096,1471.166,0.037429
8,16,16,2048,4096,1494.041,0.073711
8,16,32,2048,4096,1532.105,0.14376
8,16,64,2048,4096,1594.855,0.276207
8,16,128,2048,4096,1703.934,0.51705
8,16,256,2048,4096,2546.295,0.692001
8,16,512,2048,4096,4885.231,0.721373
8,16,1024,2048,4096,9648.561,0.730487
8,16,2048,2048,4096,19020.614,0.741107
8,16,4096,2048,4096,37948.837,0.742911
8,16,1,4096,128,115.575,0.003722
8,16,2,4096,128,115.717,0.007435
8,16,4,4096,128,117.248,0.014676
8,16,8,4096,128,118.993,0.028922
8,16,16,4096,128,123.369,0.055792
8,16,32,4096,128,132.73,0.103714
8,16,64,4096,128,156.599,0.175811
8,16,128,4096,128,207.039,0.265958
8,16,256,4096,128,312.32,0.352611
8,16,512,4096,128,510.59,0.431373
8,16,1024,4096,128,928.793,0.474282
8,16,2048,4096,128,1772.915,0.496932
8,16,4096,4096,128,3486.092,0.505448
8,16,1,4096,256,195.216,0.004407
8,16,2,4096,256,196.264,0.008767
8,16,4,4096,256,197.604,0.017416
8,16,8,4096,256,201.775,0.034112
8,16,16,4096,256,208.226,0.06611
8,16,32,4096,256,221.872,0.124089
8,16,64,4096,256,248.221,0.221833
8,16,128,4096,256,313.708,0.35105
8,16,256,4096,256,422.532,0.521274
8,16,512,4096,256,727.17,0.605786
8,16,1024,4096,256,1437.487,0.612888
8,16,2048,4096,256,2751.089,0.640487
8,16,4096,4096,256,5411.456,0.651225
8,16,1,4096,512,378.521,0.004546
8,16,2,4096,512,378.946,0.009082
8,16,4,4096,512,380.309,0.018098
8,16,8,4096,512,384.334,0.035818
8,16,16,4096,512,392.586,0.070129
8,16,32,4096,512,407.239,0.135212
8,16,64,4096,512,436.001,0.252585
8,16,128,4096,512,512.531,0.429739
8,16,256,4096,512,701.328,0.628107
8,16,512,4096,512,1384.755,0.636227
8,16,1024,4096,512,2657.527,0.663037
8,16,2048,4096,512,5214.245,0.675855
8,16,4096,4096,512,10338.712,0.681724
8,16,1,4096,1024,730.775,0.004709
8,16,2,4096,1024,740.339,0.009297
8,16,4,4096,1024,742.061,0.018551
8,16,8,4096,1024,748.848,0.036766
8,16,16,4096,1024,758.912,0.072556
8,16,32,4096,1024,778.548,0.141452
8,16,64,4096,1024,815.708,0.270017
8,16,128,4096,1024,946.455,0.465431
8,16,256,4096,1024,1330.922,0.661962
8,16,512,4096,1024,2641.446,0.667073
8,16,1024,4096,1024,5076.477,0.694197
8,16,2048,4096,1024,10018.684,0.703501
8,16,4096,4096,1024,19877.988,0.709141
8,16,1,4096,2048,1450.293,0.004746
8,16,2,4096,2048,1470.647,0.00936
8,16,4,4096,2048,1476.79,0.018643
8,16,8,4096,2048,1481.146,0.037176
8,16,16,4096,2048,1500.703,0.073384
8,16,32,4096,2048,1530.131,0.143945
8,16,64,4096,2048,1583.195,0.278241
8,16,128,4096,2048,1842.323,0.478211
8,16,256,4096,2048,2764.633,0.63735
8,16,512,4096,2048,5259.889,0.66999
8,16,1024,4096,2048,10232.502,0.6888
8,16,2048,4096,2048,19992.984,0.705062
8,16,4096,4096,2048,39813.622,0.708115
8,16,1,4096,4096,2888.095,0.004766
8,16,2,4096,4096,2935.067,0.00938
8,16,4,4096,4096,2940.346,0.018727
8,16,8,4096,4096,2957.589,0.037236
8,16,16,4096,4096,2985.905,0.073765
8,16,32,4096,4096,3041.698,0.144824
8,16,64,4096,4096,3128.247,0.281633
8,16,128,4096,4096,4014.212,0.43895
8,16,256,4096,4096,6226.061,0.56602
8,16,512,4096,4096,12129.619,0.581069
8,16,1024,4096,4096,23199.937,0.607601
8,16,2048,4096,4096,46290.869,0.609032
8,16,4096,4096,4096,92108.946,0.612158
8,32,1,128,128,14.325,0.001877
8,32,2,128,128,15.245,0.003527
8,32,4,128,128,15.223,0.007065
8,32,8,128,128,15.348,0.014015
8,32,16,128,128,15.092,0.028504
8,32,32,128,128,15.324,0.056147
8,32,64,128,128,15.617,0.110183
8,32,128,128,128,20.246,0.16998
8,32,256,128,128,45.02,0.152886
8,32,512,128,128,72.897,0.18884
8,32,1024,128,128,123.368,0.223168
8,32,2048,128,128,222.388,0.247602
8,32,4096,128,128,412.225,0.267153
8,32,1,128,256,14.236,0.003777
8,32,2,128,256,17.634,0.006099
8,32,4,128,256,17.945,0.011986
8,32,8,128,256,18.004,0.023894
8,32,16,128,256,18.954,0.045393
8,32,32,128,256,20.207,0.085158
8,32,64,128,256,19.62,0.175408
8,32,128,128,256,41.944,0.164097
8,32,256,128,256,66.419,0.207258
8,32,512,128,256,114.001,0.241505
8,32,1024,128,256,203.469,0.270625
8,32,2048,128,256,376.689,0.292356
8,32,4096,128,256,725.94,0.303406
8,32,1,128,512,33.404,0.00322
8,32,2,128,512,35.103,0.006128
8,32,4,128,512,36.414,0.011814
8,32,8,128,512,37.224,0.023113
8,32,16,128,512,38.543,0.044645
8,32,32,128,512,41.472,0.082982
8,32,64,128,512,51.617,0.133346
8,32,128,128,512,71.061,0.193719
8,32,256,128,512,113.074,0.243485
8,32,512,128,512,192.411,0.286177
8,32,1024,128,512,352.376,0.312528
8,32,2048,128,512,679.268,0.324253
8,32,4096,128,512,1365.681,0.322557
8,32,1,128,1024,59.799,0.003597
8,32,2,128,1024,63.236,0.006803
8,32,4,128,1024,64.806,0.013276
8,32,8,128,1024,66.611,0.025833
8,32,16,128,1024,69.56,0.049475
8,32,32,128,1024,75.471,0.0912
8,32,64,128,1024,89.03,0.154621
8,32,128,128,1024,121.498,0.226604
8,32,256,128,1024,202.432,0.272011
8,32,512,128,1024,353.847,0.311228
8,32,1024,128,1024,664.204,0.331607
8,32,2048,128,1024,1308.886,0.336553
8,32,4096,128,1024,2645.982,0.332965
8,32,1,128,2048,109.8,0.003918
8,32,2,128,2048,116.857,0.007363
8,32,4,128,2048,118.939,0.014467
8,32,8,128,2048,122.766,0.028033
8,32,16,128,2048,130.317,0.052817
8,32,32,128,2048,140.252,0.098151
8,32,64,128,2048,161.757,0.170205
8,32,128,128,2048,220.514,0.249707
8,32,256,128,2048,382.214,0.28813
8,32,512,128,2048,677.182,0.325252
8,32,1024,128,2048,1312.483,0.335631
8,32,2048,128,2048,2625.448,0.335569
8,32,4096,128,2048,5188.622,0.339597
8,32,1,128,4096,208.551,0.004125
8,32,2,128,4096,224.707,0.007658
8,32,4,128,4096,228.258,0.015077
8,32,8,128,4096,237.287,0.029007
8,32,16,128,4096,252.66,0.054484
8,32,32,128,4096,271.76,0.101309
8,32,64,128,4096,308.595,0.178434
8,32,128,128,4096,416.939,0.264133
8,32,256,128,4096,740.9,0.29728
8,32,512,128,4096,1368.66,0.321855
8,32,1024,128,4096,2697.524,0.326603
8,32,2048,128,4096,5235.549,0.336553
8,32,4096,128,4096,10158.085,0.346923
8,32,1,256,128,14.943,0.003599
8,32,2,256,128,17.592,0.006114
8,32,4,256,128,17.711,0.012145
8,32,8,256,128,17.789,0.024182
8,32,16,256,128,18.948,0.045408
8,32,32,256,128,20.301,0.084762
8,32,64,256,128,18.063,0.19053
8,32,128,256,128,44.797,0.153649
8,32,256,256,128,64.234,0.214309
8,32,512,256,128,105.44,0.261114
8,32,1024,256,128,179.417,0.306903
8,32,2048,256,128,326.437,0.337362
8,32,4096,256,128,615.039,0.358115
8,32,1,256,256,31.834,0.003378
8,32,2,256,256,34.618,0.006213
8,32,4,256,256,35.321,0.012179
8,32,8,256,256,36.668,0.023464
8,32,16,256,256,37.895,0.045408
8,32,32,256,256,40.651,0.084659
8,32,64,256,256,47.175,0.145904
8,32,128,256,256,62.961,0.218642
8,32,256,256,256,94.077,0.292651
8,32,512,256,256,148.46,0.3709
8,32,1024,256,256,260.448,0.422839
8,32,2048,256,256,491.046,0.448542
8,32,4096,256,256,986.266,0.446644
8,32,1,256,512,61.678,0.003487
8,32,2,256,512,63.53,0.006771
8,32,4,256,512,64.473,0.013345
8,32,8,256,512,65.744,0.026173
8,32,16,256,512,68.458,0.050271
8,32,32,256,512,72.376,0.095101
8,32,64,256,512,80.769,0.170435
8,32,128,256,512,105.276,0.26152
8,32,256,256,512,155.999,0.352975
8,32,512,256,512,259.531,0.424331
8,32,1024,256,512,467.955,0.470675
8,32,2048,256,512,944.798,0.466247
8,32,4096,256,512,1886.2,0.467087
8,32,1,256,1024,109.498,0.003929
8,32,2,256,1024,113.647,0.007571
8,32,4,256,1024,116.095,0.014822
8,32,8,256,1024,117.433,0.029306
8,32,16,256,1024,122.441,0.056214
8,32,32,256,1024,130.548,0.105447
8,32,64,256,1024,142.39,0.193356
8,32,128,256,1024,182.491,0.301733
8,32,256,256,1024,265.144,0.41535
8,32,512,256,1024,459.231,0.479616
8,32,1024,256,1024,911.219,0.483429
8,32,2048,256,1024,1854.322,0.475117
8,32,4096,256,1024,3708.135,0.475182
8,32,1,256,2048,210.438,0.004088
8,32,2,256,2048,221.802,0.007758
8,32,4,256,2048,216.448,0.0159
8,32,8,256,2048,223.421,0.030807
8,32,16,256,2048,233.333,0.058997
8,32,32,256,2048,247.219,0.111366
8,32,64,256,2048,262.654,0.209644
8,32,128,256,2048,331.254,0.332456
8,32,256,256,2048,488.745,0.450654
8,32,512,256,2048,912.392,0.482807
8,32,1024,256,2048,1864.903,0.472421
8,32,2048,256,2048,3639.711,0.484115
8,32,4096,256,2048,7297.193,0.482936
8,32,1,256,4096,391.934,0.00439
8,32,2,256,4096,414.693,0.008299
8,32,4,256,4096,418.208,0.016458
8,32,8,256,4096,433.754,0.031737
8,32,16,256,4096,452.728,0.060813
8,32,32,256,4096,479.413,0.114857
8,32,64,256,4096,501.27,0.219697
8,32,128,256,4096,618.961,0.355846
8,32,256,256,4096,969.308,0.454458
8,32,512,256,4096,1906.227,0.462179
8,32,1024,256,4096,3686.917,0.477916
8,32,2048,256,4096,7254.723,0.485763
8,32,4096,256,4096,14584.436,0.483265
8,32,1,512,128,32.897,0.003269
8,32,2,512,128,33.695,0.006384
8,32,4,512,128,36.6,0.011754
8,32,8,512,128,38.488,0.022354
8,32,16,512,128,40.628,0.042353
8,32,32,512,128,44.251,0.077772
8,32,64,512,128,50.847,0.135366
8,32,128,512,128,67.985,0.202486
8,32,256,512,128,100.105,0.275029
8,32,512,512,128,160.383,0.343327
8,32,1024,512,128,281.104,0.391767
8,32,2048,512,128,523.618,0.42064
8,32,4096,512,128,1007.358,0.437292
8,32,1,512,256,63.857,0.003368
8,32,2,512,256,63.943,0.006728
8,32,4,512,256,64.328,0.013375
8,32,8,512,256,65.911,0.026107
8,32,16,512,256,66.156,0.05202
8,32,32,512,256,69.889,0.098484
8,32,64,512,256,78.526,0.175304
8,32,128,512,256,99.834,0.275776
8,32,256,512,256,138.421,0.397799
8,32,512,512,256,217.005,0.507487
8,32,1024,512,256,372.758,0.590879
8,32,2048,512,256,684.78,0.643287
8,32,4096,512,256,1446.545,0.609051
8,32,1,512,512,109.962,0.003912
8,32,2,512,512,112.879,0.007622
8,32,4,512,512,114.33,0.015051
8,32,8,512,512,116.549,0.029528
8,32,16,512,512,118.101,0.05828
8,32,32,512,512,124.371,0.110684
8,32,64,512,512,137.109,0.200803
8,32,128,512,512,160.169,0.343785
8,32,256,512,512,214.8,0.512697
8,32,512,512,512,341.141,0.645642
8,32,1024,512,512,655.672,0.671845
8,32,2048,512,512,1415.337,0.62248
8,32,4096,512,512,2822.219,0.624345
8,32,1,512,1024,201.602,0.004268
8,32,2,512,1024,203.265,0.008465
8,32,4,512,1024,204.479,0.01683
8,32,8,512,1024,209.224,0.032898
8,32,16,512,1024,213.411,0.064504
8,32,32,512,1024,223.672,0.12309
8,32,64,512,1024,243.444,0.226186
8,32,128,512,1024,278.763,0.395057
8,32,256,512,1024,370.345,0.594728
8,32,512,512,1024,638.104,0.690342
8,32,1024,512,1024,1404.526,0.627271
8,32,2048,512,1024,2744.427,0.642042
8,32,4096,512,1024,5508.889,0.639707
8,32,1,512,2048,380.821,0.004518
8,32,2,512,2048,382.057,0.009008
8,32,4,512,2048,387.125,0.01778
8,32,8,512,2048,392.295,0.035091
8,32,16,512,2048,405.689,0.067864
8,32,32,512,2048,426.132,0.129217
8,32,64,512,2048,458.182,0.240357
8,32,128,512,2048,517.577,0.42555
8,32,256,512,2048,681.221,0.646647
8,32,512,512,2048,1407.147,0.626103
8,32,1024,512,2048,2771.056,0.635872
8,32,2048,512,2048,5437.247,0.648136
8,32,4096,512,2048,10768.932,0.654489
8,32,1,512,4096,741.424,0.004642
8,32,2,512,4096,745.067,0.009238
8,32,4,512,4096,749.53,0.018366
8,32,8,512,4096,766.033,0.035941
8,32,16,512,4096,791.767,0.069545
8,32,32,512,4096,828.961,0.13285
8,32,64,512,4096,886.467,0.248464
8,32,128,512,4096,1000.141,0.440447
8,32,256,512,4096,1396.644,0.630811
8,32,512,512,4096,2829.589,0.622719
8,32,1024,512,4096,5476.511,0.643489
8,32,2048,512,4096,10790.121,0.653204
8,32,4096,512,4096,21287.863,0.662176
8,32,1,1024,128,63.79,0.003372
8,32,2,1024,128,64.49,0.006671
8,32,4,1024,128,65.174,0.013201
8,32,8,1024,128,67.311,0.025564
8,32,16,1024,128,70.416,0.048874
8,32,32,1024,128,74.965,0.091816
8,32,64,1024,128,87.402,0.157501
8,32,128,1024,128,116.824,0.23567
8,32,256,1024,128,187.898,0.293051
8,32,512,1024,128,296.955,0.370855
8,32,1024,1024,128,527.147,0.417824
8,32,2048,1024,128,992.691,0.443753
8,32,4096,1024,128,1924.189,0.457865
8,32,1,1024,256,105.334,0.004084
8,32,2,1024,256,106.785,0.008057
8,32,4,1024,256,107.281,0.01604
8,32,8,1024,256,110.186,0.031233
8,32,16,1024,256,114.565,0.060079
8,32,32,1024,256,122.222,0.11263
8,32,64,1024,256,137.702,0.199938
8,32,128,1024,256,181.177,0.303922
8,32,256,1024,256,259.558,0.424288
8,32,512,1024,256,381.628,0.577145
8,32,1024,1024,256,648.272,0.679514
8,32,2048,1024,256,1286.881,0.684615
8,32,4096,1024,256,2677.924,0.657986
8,32,1,1024,512,199.121,0.004321
8,32,2,1024,512,198.473,0.00867
8,32,4,1024,512,199.131,0.017282
8,32,8,1024,512,203.807,0.033772
8,32,16,1024,512,209.703,0.065645
8,32,32,1024,512,221.257,0.124434
8,32,64,1024,512,242.344,0.227213
8,32,128,1024,512,285.892,0.385207
8,32,256,1024,512,375.447,0.586647
8,32,512,1024,512,604.648,0.728539
8,32,1024,1024,512,1285.914,0.685131
8,32,2048,1024,512,2570.763,0.685414
8,32,4096,1024,512,5127.118,0.68734
8,32,1,1024,1024,381.695,0.004508
8,32,2,1024,1024,377.476,0.009117
8,32,4,1024,1024,380.616,0.018084
8,32,8,1024,1024,386.967,0.035574
8,32,16,1024,1024,396.157,0.069497
8,32,32,1024,1024,414.225,0.132932
8,32,64,1024,1024,445.221,0.247354
8,32,128,1024,1024,502.815,0.438043
8,32,256,1024,1024,639.19,0.689168
8,32,512,1024,1024,1281.586,0.687444
8,32,1024,1024,1024,2537.013,0.694533
8,32,2048,1024,1024,5001.474,0.704607
8,32,4096,1024,1024,10021.348,0.703314
8,32,1,1024,2048,739.176,0.004656
8,32,2,1024,2048,737.911,0.009328
8,32,4,1024,2048,743.708,0.01851
8,32,8,1024,2048,751.924,0.036615
8,32,16,1024,2048,771.661,0.071357
8,32,32,1024,2048,803.364,0.137083
8,32,64,1024,2048,848.558,0.259563
8,32,128,1024,2048,937.989,0.469632
8,32,256,1024,2048,1260.159,0.699133
8,32,512,1024,2048,2568.509,0.686016
8,32,1024,1024,2048,5002.343,0.704485
8,32,2048,1024,2048,9835.955,0.71657
8,32,4096,1024,2048,19602.922,0.719092
8,32,1,1024,4096,1452.923,0.004737
8,32,2,1024,4096,1461.367,0.00942
8,32,4,1024,4096,1466.137,0.018778
8,32,8,1024,4096,1486.844,0.037034
8,32,16,1024,4096,1522.224,0.072346
8,32,32,1024,4096,1580.296,0.139376
8,32,64,1024,4096,1667.497,0.264174
8,32,128,1024,4096,1825.011,0.482747
8,32,256,1024,4096,2657.801,0.662968
8,32,512,1024,4096,5077.124,0.694109
8,32,1024,1024,4096,9972.786,0.706738
8,32,2048,1024,4096,19631.176,0.718057
8,32,4096,1024,4096,39111.866,0.72082
8,32,1,2048,128,115.571,0.003722
8,32,2,2048,128,116.916,0.007359
8,32,4,2048,128,117.76,0.014612
8,32,8,2048,128,121.084,0.028422
8,32,16,2048,128,123.659,0.055661
8,32,32,2048,128,135.225,0.1018
8,32,64,2048,128,159.907,0.172174
8,32,128,2048,128,234.661,0.234652
8,32,256,2048,128,320.153,0.343983
8,32,512,2048,128,565.965,0.389166
8,32,1024,2048,128,1000.673,0.440213
8,32,2048,2048,128,1903.04,0.462953
8,32,4096,2048,128,3705.387,0.475534
8,32,1,2048,256,195.858,0.004393
8,32,2,2048,256,200.083,0.0086
8,32,4,2048,256,201.946,0.017042
8,32,8,2048,256,205.067,0.033564
8,32,16,2048,256,213.537,0.064466
8,32,32,2048,256,227.425,0.121059
8,32,64,2048,256,257.453,0.213878
8,32,128,2048,256,312.964,0.351885
8,32,256,2048,256,433.634,0.507928
8,32,512,2048,256,687.496,0.640744
8,32,1024,2048,256,1277.224,0.689792
8,32,2048,2048,256,2534.142,0.695319
8,32,4096,2048,256,5006.298,0.703928
8,32,1,2048,512,372.854,0.004615
8,32,2,2048,512,379.669,0.009064
8,32,4,2048,512,382.094,0.018014
8,32,8,2048,512,388.494,0.035434
8,32,16,2048,512,400.856,0.068683
8,32,32,2048,512,422.539,0.130316
8,32,64,2048,512,464.723,0.236974
8,32,128,2048,512,513.456,0.428965
8,32,256,2048,512,687.077,0.641135
8,32,512,2048,512,1213.746,0.725868
8,32,1024,2048,512,2451.314,0.718814
8,32,2048,2048,512,4820.105,0.73112
8,32,4096,2048,512,9683.526,0.72785
8,32,1,2048,1024,729.461,0.004718
8,32,2,2048,1024,735.678,0.009356
8,32,4,2048,1024,740.066,0.018601
8,32,8,2048,1024,749.843,0.036717
8,32,16,2048,1024,766.357,0.071851
8,32,32,2048,1024,795.15,0.138499
8,32,64,2048,1024,845.245,0.260581
8,32,128,2048,1024,927.661,0.47486
8,32,256,2048,1024,1243.652,0.708413
8,32,512,2048,1024,2448.651,0.719595
8,32,1024,2048,1024,4792.215,0.735375
8,32,2048,2048,1024,9482.513,0.743279
8,32,4096,2048,1024,18809.9,0.749409
8,32,1,2048,2048,1442.835,0.00477
8,32,2,2048,2048,1455.142,0.00946
8,32,4,2048,2048,1465.538,0.018786
8,32,8,2048,2048,1475.477,0.037319
8,32,16,2048,2048,1502.222,0.07331
8,32,32,2048,2048,1550.268,0.142075
8,32,64,2048,2048,1627.361,0.270689
8,32,128,2048,2048,1744.549,0.505012
8,32,256,2048,2048,2552.856,0.690222
8,32,512,2048,2048,4850.724,0.726505
8,32,1024,2048,2048,9491.342,0.742587
8,32,2048,2048,2048,18862.02,0.747338
8,32,4096,2048,2048,37254.838,0.75675
8,32,1,2048,4096,2872.704,0.004792
8,32,2,2048,4096,2902.594,0.009485
8,32,4,2048,4096,2906.243,0.018947
8,32,8,2048,4096,2930.983,0.037574
8,32,16,2048,4096,2977.845,0.073964
8,32,32,2048,4096,3057.155,0.144091
8,32,64,2048,4096,3196.3,0.275637
8,32,128,2048,4096,3392.784,0.519349
8,32,256,2048,4096,5176.594,0.680771
8,32,512,2048,4096,10038.396,0.702119
8,32,1024,2048,4096,19212.066,0.733721
8,32,2048,2048,4096,38109.228,0.739784
8,32,4096,2048,4096,75822.419,0.743648
8,32,1,4096,128,199.284,0.004317
8,32,2,4096,128,200.475,0.008583
8,32,4,4096,128,203.706,0.016894
8,32,8,4096,128,207.985,0.033094
8,32,16,4096,128,220.06,0.062555
8,32,32,4096,128,243.621,0.113011
8,32,64,4096,128,293.231,0.187783
8,32,128,4096,128,399.249,0.275836
8,32,256,4096,128,600.496,0.366788
8,32,512,4096,128,1014.351,0.434277
8,32,1024,4096,128,1844.152,0.477737
8,32,2048,4096,128,3560.339,0.494907
8,32,4096,4096,128,7013.428,0.502476
8,32,1,4096,256,377.55,0.004558
8,32,2,4096,256,378.962,0.009081
8,32,4,4096,256,382.18,0.01801
8,32,8,4096,256,389.179,0.035372
8,32,16,4096,256,402.937,0.068328
8,32,32,4096,256,431.109,0.127726
8,32,64,4096,256,481.635,0.228653
8,32,128,4096,256,600.771,0.36662
8,32,256,4096,256,839.709,0.524598
8,32,512,4096,256,1480.025,0.595273
8,32,1024,4096,256,2843.115,0.619756
8,32,2048,4096,256,5599.113,0.629399
8,32,4096,4096,256,10873.421,0.6482
8,32,1,4096,512,741.163,0.004643
8,32,2,4096,512,742.947,0.009264
8,32,4,4096,512,746.508,0.01844
8,32,8,4096,512,755.82,0.036426
8,32,16,4096,512,773.732,0.071166
8,32,32,4096,512,804.472,0.136894
8,32,64,4096,512,864.791,0.254691
8,32,128,4096,512,1018.539,0.432492
8,32,256,4096,512,1431.815,0.615316
8,32,512,4096,512,2720.992,0.647572
8,32,1024,4096,512,5278.648,0.66761
8,32,2048,4096,512,10391.68,0.678249
8,32,4096,4096,512,20705.38,0.680804
8,32,1,4096,1024,1449.565,0.004748
8,32,2,4096,1024,1465.265,0.009395
8,32,4,4096,1024,1470.954,0.018717
8,32,8,4096,1024,1484.092,0.037103
8,32,16,4096,1024,1505.068,0.073171
8,32,32,4096,1024,1547.77,0.142305
8,32,64,4096,1024,1624.056,0.27124
8,32,128,4096,1024,1887.775,0.466697
8,32,256,4096,1024,2749.24,0.640918
8,32,512,4096,1024,5281.701,0.667224
8,32,1024,4096,1024,10215.437,0.689951
8,32,2048,4096,1024,19971.852,0.705808
8,32,4096,4096,1024,39920.035,0.706227
8,32,1,4096,2048,2881.596,0.004777
8,32,2,4096,2048,2919.934,0.009429
8,32,4,4096,2048,2934.756,0.018763
8,32,8,4096,2048,2949.349,0.03734
8,32,16,4096,2048,2985.186,0.073783
8,32,32,4096,2048,3050.506,0.144405
8,32,64,4096,2048,3162.155,0.278613
8,32,128,4096,2048,3687.58,0.47783
8,32,256,4096,2048,5618.306,0.627249
8,32,512,4096,2048,10659.108,0.661233
8,32,1024,4096,2048,20359.359,0.692375
8,32,2048,4096,2048,40101.465,0.703032
8,32,4096,4096,2048,79442.8,0.709759
8,32,1,4096,4096,5761.879,0.004778
8,32,2,4096,4096,5857.478,0.009401
8,32,4,4096,4096,5869.359,0.018763
8,32,8,4096,4096,5910.015,0.037268
8,32,16,4096,4096,5970.921,0.073776
8,32,32,4096,4096,6081.539,0.144868
8,32,64,4096,4096,6260.101,0.281471
8,32,128,4096,4096,7972.345,0.442038
8,32,256,4096,4096,12636.281,0.557771
8,32,512,4096,4096,23641.274,0.596258
8,32,1024,4096,4096,47034.54,0.599402
8,32,2048,4096,4096,92879.129,0.607082
8,32,4096,4096,4096,184339.729,0.611753
